n_tablet,n_llm,n_common,within5,within15,mean_abs_start_err,timed_len_err,errs,lens,cost,file
13,12,10,5.0,5.0,18.8,48.4,"{'listcomp_urd': 41.6, 'idwrd_urd': -4.5, 'listcomp_eng': 42.8, 'pw_eng': -2.8, 'idwrd_eng': 0.0, 'idnummag': -43.4, 'numrep': 26.6, 'blfluency': 20.5, 'wrdpblm': -4.5, 'patterns': -1.1}","{'listcomp_urd': (26.7, 85.0), 'idwrd_urd': (81.2, 110.0), 'listcomp_eng': (34.7, 103.0), 'pw_eng': (0.4, 43.0), 'idwrd_eng': (11.0, 60.0), 'idnummag': (2.0, 45.0), 'numrep': (1.0, 85.0), 'blfluency': (2.0, 75.0), 'wrdpblm': (60.7, 87.0), 'patterns': (42.5, 78.0)}",0.074806125,AA_048cadbc-2c10-416
15,15,14,3.0,11.0,20.7,20.4,"{'listcomp_urd': 117.2, 'letterid_urd': 6.7, 'idwrd_urd': -0.4, 'orf_urd': -2.3, 'rdcomp_urd': -5.8, 'letterid_eng': -5.3, 'pw_eng': 8.0, 'idwrd_eng': -7.3, 'idnummag': -9.8, 'numrep': 26.4, 'blfluency': 0.0, 'bleffcomp': -85.9, 'wrdpblm': 6.0, 'patterns': 9.1}","{'listcomp_urd': (13.6, 137.0), 'letterid_urd': (64.9, 80.0), 'idwrd_urd': (82.5, 94.0), 'orf_urd': (95.8, 104.0), 'rdcomp_urd': (24.7, 18.0), 'letterid_eng': (63.8, 66.0), 'pw_eng': (18.8, 34.0), 'idwrd_eng': (194.6, 194.0), 'idnummag': (51.5, 44.0), 'numrep': (8.9, 43.0), 'blfluency': (50.1, 140.0), 'bleffcomp': (91.1, 17.0), 'wrdpblm': (0.4, 12.0), 'patterns': (39.8, 54.0)}",0.07941375,AA_05729872-0031-4b1
17,15,15,8.0,13.0,9.7,13.5,"{'listcomp_urd': 40.7, 'letterid_urd': 0.0, 'idwrd_urd': -6.9, 'orf_urd': -0.0, 'rdcomp_urd': -5.4, 'listcomp_eng': 60.4, 'letterid_eng': -5.2, 'idwrd_eng': 3.7, 'orf_eng': 1.7, 'rdcomp_eng': 0.5, 'idnummag': 5.8, 'numrep': -4.0, 'blfluency': -6.5, 'wrdpblm': 1.8, 'patterns': -3.4}","{'listcomp_urd': (34.9, 85.0), 'letterid_urd': (58.1, 65.0), 'idwrd_urd': (37.1, 44.0), 'orf_urd': (25.0, 39.0), 'rdcomp_urd': (44.3, 47.0), 'listcomp_eng': (35.2, 104.0), 'letterid_eng': (54.8, 75.0), 'idwrd_eng': (45.5, 62.0), 'orf_eng': (38.1, 53.0), 'rdcomp_eng': (34.1, 44.0), 'idnummag': (69.7, 81.0), 'numrep': (59.4, 64.0), 'blfluency': (100.4, 85.0), 'wrdpblm': (121.6, 134.0), 'patterns': (27.7, 33.0)}",0.0750125,AA_05dc5dd8-2974-479
15,13,13,6.0,10.0,11.1,12.1,"{'listcomp_urd': 41.8, 'letterid_urd': -13.8, 'idwrd_urd': 0.0, 'orf_urd': -8.2, 'rdcomp_urd': 16.3, 'letterid_eng': -9.8, 'pw_eng': -1.9, 'idwrd_eng': 31.4, 'idnummag': 3.1, 'numrep': -10.7, 'blfluency': 0.1, 'wrdpblm': 2.5, 'patterns': -4.2}","{'listcomp_urd': (22.1, 75.0), 'letterid_urd': (76.4, 65.0), 'idwrd_urd': (135.1, 155.0), 'orf_urd': (100.4, 101.0), 'rdcomp_urd': (31.7, 60.0), 'letterid_eng': (77.1, 77.0), 'pw_eng': (45.2, 19.0), 'idwrd_eng': (17.3, 36.0), 'idnummag': (60.2, 79.0), 'numrep': (68.4, 66.0), 'blfluency': (70.6, 63.0), 'wrdpblm': (147.8, 163.0), 'patterns': (43.9, 50.0)}",0.1055025,AA_05ebc0d7-bc26-4ab
17,17,17,13.0,14.0,8.7,18.8,"{'listcomp_urd': 20.4, 'letterid_urd': 0.0, 'idwrd_urd': 2.7, 'orf_urd': 4.0, 'rdcomp_urd': -5.6, 'listcomp_eng': 64.2, 'letterid_eng': 2.9, 'pw_eng': 2.1, 'idwrd_eng': -1.8, 'orf_eng': 4.9, 'rdcomp_eng': -0.7, 'idnummag': -25.3, 'numrep': -2.0, 'blfluency': 1.1, 'bleffcomp': -4.0, 'wrdpblm': -2.9, 'patterns': -3.3}","{'listcomp_urd': (47.3, 76.0), 'letterid_urd': (59.3, 66.0), 'idwrd_urd': (28.6, 39.0), 'orf_urd': (19.2, 35.0), 'rdcomp_urd': (34.7, 33.0), 'listcomp_eng': (20.9, 98.0), 'letterid_eng': (56.5, 69.0), 'pw_eng': (4.1, 15.0), 'idwrd_eng': (39.2, 47.0), 'orf_eng': (43.4, 59.0), 'rdcomp_eng': (36.8, 39.0), 'idnummag': (79.3, 56.0), 'numrep': (65.8, 68.0), 'blfluency': (42.1, 113.0), 'bleffcomp': (57.4, 59.0), 'wrdpblm': (84.2, 85.0), 'patterns': (62.2, 62.0)}",0.1297575,AA_063c4da1-14ee-4c6
13,7,7,2.0,5.0,18.0,51.2,"{'listcomp_urd': 77.6, 'letterid_urd': -5.5, 'idnummag': -7.8, 'numrep': 12.7, 'blfluency': 17.3, 'wrdpblm': -5.0, 'patterns': 0.0}","{'listcomp_urd': (50.7, 142.0), 'letterid_urd': (62.7, 67.0), 'idnummag': (121.8, 104.0), 'numrep': (81.7, 105.0), 'blfluency': (58.9, 157.0), 'wrdpblm': (90.3, 99.0), 'patterns': (70.3, 85.0)}",0.08709625,AA_069e0b43-ec7e-41f
13,11,11,6.0,7.0,28.0,31.2,"{'listcomp_urd': 65.8, 'idwrd_urd': 0.0, 'listcomp_eng': 78.2, 'letterid_eng': -2.2, 'pw_eng': 49.9, 'idnummag': -10.2, 'numrep': -3.6, 'blfluency': 0.0, 'bleffcomp': -96.3, 'wrdpblm': 1.3, 'patterns': -0.6}","{'listcomp_urd': (21.7, 92.0), 'idwrd_urd': (31.2, 25.0), 'listcomp_eng': (41.4, 125.0), 'letterid_eng': (54.2, 64.0), 'pw_eng': (37.5, 28.0), 'idnummag': (67.2, 64.0), 'numrep': (59.8, 63.0), 'blfluency': (30.6, 130.0), 'bleffcomp': (150.1, 60.0), 'wrdpblm': (57.9, 66.0), 'patterns': (76.5, 67.0)}",0.08778375,AA_089659f0-087a-4dd
15,16,15,5.0,10.0,20.0,10.7,"{'listcomp_urd': 94.3, 'letterid_urd': -7.8, 'idwrd_urd': 0.0, 'orf_urd': 4.1, 'rdcomp_urd': 6.4, 'listcomp_eng': 74.5, 'letterid_eng': -2.1, 'pw_eng': -7.0, 'idwrd_eng': 0.4, 'idnummag': -20.4, 'numrep': 37.2, 'blfluency': -10.3, 'bleffcomp': 0.0, 'wrdpblm': -27.0, 'patterns': -8.1}","{'listcomp_urd': (39.3, 150.0), 'letterid_urd': (83.0, 65.0), 'idwrd_urd': (18.2, 32.0), 'orf_urd': (110.3, 113.0), 'rdcomp_urd': (25.0, 41.0), 'listcomp_eng': (35.0, 122.0), 'letterid_eng': (59.1, 74.0), 'pw_eng': (30.5, 20.0), 'idwrd_eng': (25.4, 40.0), 'idnummag': (39.6, 31.0), 'numrep': (55.8, 107.0), 'blfluency': (69.3, 69.0), 'bleffcomp': (43.9, 27.0), 'wrdpblm': (56.6, 42.0), 'patterns': (56.4, 48.0)}",0.09677875,AA_0b2fc30d-55f4-429
13,11,11,4.0,7.0,23.9,23.0,"{'listcomp_urd': 49.9, 'letterid_urd': -4.7, 'idwrd_urd': 5.6, 'listcomp_eng': 49.8, 'letterid_eng': -13.6, 'pw_eng': 0.0, 'idwrd_eng': -4.2, 'numrep': 72.5, 'bleffcomp': -49.0, 'wrdpblm': -9.2, 'patterns': 4.1}","{'listcomp_urd': (52.7, 117.0), 'letterid_urd': (1.1, 74.0), 'idwrd_urd': (39.8, 39.0), 'listcomp_eng': (70.7, 120.0), 'letterid_eng': (21.8, 28.0), 'pw_eng': (4.9, 30.0), 'idwrd_eng': (13.0, 23.0), 'numrep': (36.2, 122.0), 'bleffcomp': (52.4, 20.0), 'wrdpblm': (46.3, 54.0), 'patterns': (92.5, 113.0)}",0.111635,AA_0ce9865d-2257-4d8
17,17,17,4.0,9.0,54.5,16.7,"{'listcomp_urd': 57.1, 'letterid_urd': -8.5, 'idwrd_urd': -8.3, 'orf_urd': -0.5, 'rdcomp_urd': 2.1, 'listcomp_eng': 51.7, 'letterid_eng': -8.3, 'pw_eng': -8.2, 'idwrd_eng': -8.7, 'orf_eng': 0.0, 'rdcomp_eng': 24.2, 'idnummag': 36.4, 'numrep': 25.6, 'blfluency': 1.7, 'bleffcomp': -68.8, 'wrdpblm': 40.6, 'patterns': -576.2}","{'listcomp_urd': (29.4, 96.0), 'letterid_urd': (64.6, 66.0), 'idwrd_urd': (40.7, 45.0), 'orf_urd': (31.7, 45.0), 'rdcomp_urd': (34.1, 46.0), 'listcomp_eng': (29.7, 102.0), 'letterid_eng': (52.9, 58.0), 'pw_eng': (50.8, 55.0), 'idwrd_eng': (35.6, 40.0), 'orf_eng': (38.4, 52.0), 'rdcomp_eng': (51.5, 88.0), 'idnummag': (76.3, 101.0), 'numrep': (59.4, 95.0), 'blfluency': (46.5, 134.0), 'bleffcomp': (163.5, 112.0), 'wrdpblm': (122.2, 179.0), 'patterns': (676.3, 111.0)}",0.107877125,AA_0d43f0f6-2d6b-44e
17,17,17,10.0,14.0,11.6,16.3,"{'listcomp_urd': 56.3, 'letterid_urd': -0.6, 'idwrd_urd': 0.0, 'orf_urd': 7.6, 'rdcomp_urd': -0.8, 'listcomp_eng': 34.9, 'letterid_eng': 0.0, 'pw_eng': -0.5, 'idwrd_eng': -0.1, 'orf_eng': 7.1, 'rdcomp_eng': 2.3, 'idnummag': -14.3, 'numrep': -2.1, 'blfluency': 9.4, 'bleffcomp': -54.8, 'wrdpblm': -3.2, 'patterns': 3.5}","{'listcomp_urd': (33.7, 93.0), 'letterid_urd': (51.1, 57.0), 'idwrd_urd': (45.5, 49.0), 'orf_urd': (35.2, 50.0), 'rdcomp_urd': (31.0, 34.0), 'listcomp_eng': (33.3, 73.0), 'letterid_eng': (42.2, 48.0), 'pw_eng': (73.0, 77.0), 'idwrd_eng': (60.2, 69.0), 'orf_eng': (49.1, 58.0), 'rdcomp_eng': (33.4, 37.0), 'idnummag': (39.2, 27.0), 'numrep': (61.4, 62.0), 'blfluency': (54.5, 133.0), 'bleffcomp': (73.7, 30.0), 'wrdpblm': (65.7, 59.0), 'patterns': (43.1, 49.0)}",0.08472,AA_0d47b184-8f04-431
15,12,11,3.0,6.0,19.7,32.0,"{'listcomp_urd': 0.0, 'orf_urd': 29.5, 'rdcomp_urd': -0.5, 'listcomp_eng': 31.4, 'letterid_eng': -2.2, 'pw_eng': 13.7, 'idwrd_eng': 6.4, 'idnummag': -33.3, 'numrep': 9.4, 'bleffcomp': -50.1, 'patterns': -39.8}","{'listcomp_urd': (38.9, 50.0), 'orf_urd': (111.7, 208.0), 'rdcomp_urd': (2.3, 32.0), 'listcomp_eng': (22.0, 75.0), 'letterid_eng': (82.1, 73.0), 'pw_eng': (33.4, 52.0), 'idwrd_eng': (51.9, 56.0), 'idnummag': (136.8, 100.0), 'numrep': (2.8, 26.0), 'bleffcomp': (65.0, 41.0), 'patterns': (29.0, 37.0)}",0.07951,AA_0e2dac14-5204-4dc
15,15,14,5.0,12.0,12.8,10.5,"{'listcomp_urd': 71.2, 'letterid_urd': -10.8, 'idwrd_urd': -9.2, 'orf_urd': 7.7, 'listcomp_eng': 35.9, 'letterid_eng': -10.2, 'pw_eng': -3.9, 'idwrd_eng': -1.5, 'idnummag': -9.4, 'numrep': -4.9, 'blfluency': 2.4, 'bleffcomp': 6.3, 'wrdpblm': 5.7, 'patterns': 0.0}","{'listcomp_urd': (33.6, 121.0), 'letterid_urd': (66.6, 67.0), 'idwrd_urd': (79.5, 87.0), 'orf_urd': (58.5, 85.0), 'listcomp_eng': (23.0, 72.0), 'letterid_eng': (69.9, 74.0), 'pw_eng': (13.1, 19.0), 'idwrd_eng': (108.7, 122.0), 'idnummag': (37.3, 59.0), 'numrep': (56.6, 61.0), 'blfluency': (60.2, 76.0), 'bleffcomp': (11.2, 25.0), 'wrdpblm': (66.4, 82.0), 'patterns': (30.7, 40.0)}",0.1062825,AA_0f412e35-93b8-4b7
15,15,15,11.0,13.0,7.7,15.3,"{'listcomp_urd': 17.6, 'letterid_urd': -1.1, 'idwrd_urd': -2.8, 'orf_urd': 5.0, 'rdcomp_urd': 0.0, 'listcomp_eng': 54.5, 'letterid_eng': -0.5, 'pw_eng': -1.3, 'idwrd_eng': 3.6, 'idnummag': -2.4, 'numrep': -1.5, 'blfluency': 3.8, 'bleffcomp': 13.6, 'wrdpblm': -1.3, 'patterns': 6.2}","{'listcomp_urd': (18.2, 43.0), 'letterid_urd': (59.8, 80.0), 'idwrd_urd': (83.6, 91.0), 'orf_urd': (60.0, 82.0), 'rdcomp_urd': (31.0, 36.0), 'listcomp_eng': (13.7, 78.0), 'letterid_eng': (57.5, 70.0), 'pw_eng': (63.2, 74.0), 'idwrd_eng': (73.5, 97.0), 'idnummag': (41.5, 46.0), 'numrep': (61.5, 67.0), 'blfluency': (74.5, 85.0), 'bleffcomp': (28.3, 50.0), 'wrdpblm': (26.4, 45.0), 'patterns': (44.9, 59.0)}",0.0874325,AA_12d53cb2-6597-40c
13,12,12,8.0,11.0,6.7,8.7,"{'listcomp_urd': 29.6, 'letterid_urd': -4.3, 'idwrd_urd': 5.0, 'letterid_eng': 0.0, 'pw_eng': -3.8, 'idwrd_eng': -3.6, 'idnummag': -8.5, 'numrep': 5.5, 'blfluency': 4.4, 'bleffcomp': 8.3, 'wrdpblm': -3.7, 'patterns': -4.2}","{'listcomp_urd': (12.8, 79.0), 'letterid_urd': (66.7, 72.0), 'idwrd_urd': (50.6, 37.0), 'letterid_eng': (58.4, 67.0), 'pw_eng': (23.2, 29.0), 'idwrd_eng': (155.8, 163.0), 'idnummag': (46.0, 53.0), 'numrep': (41.9, 67.0), 'blfluency': (40.1, 52.0), 'bleffcomp': (9.9, 22.0), 'wrdpblm': (76.9, 91.0), 'patterns': (50.2, 50.0)}",0.0830725,AA_135c74c9-c70c-435
15,14,14,7.0,10.0,17.6,29.6,"{'listcomp_urd': 48.4, 'letterid_urd': -12.8, 'idwrd_urd': 8.9, 'orf_urd': -44.2, 'rdcomp_urd': -4.1, 'listcomp_eng': 33.2, 'letterid_eng': 3.3, 'idwrd_eng': 12.6, 'idnummag': -69.9, 'numrep': -1.4, 'blfluency': -3.3, 'bleffcomp': -3.4, 'wrdpblm': 0.9, 'patterns': 0.0}","{'listcomp_urd': (43.7, 103.0), 'letterid_urd': (70.7, 64.0), 'idwrd_urd': (48.7, 118.0), 'orf_urd': (28.9, 100.0), 'rdcomp_urd': (41.0, 50.0), 'listcomp_eng': (68.8, 112.0), 'letterid_eng': (59.4, 77.0), 'idwrd_eng': (103.1, 101.0), 'idnummag': (118.5, 64.0), 'numrep': (64.3, 79.0), 'blfluency': (56.2, 67.0), 'bleffcomp': (16.3, 23.0), 'wrdpblm': (103.2, 116.0), 'patterns': (86.2, 95.0)}",0.140375,AA_158fcd1e-4d4e-4d0
13,9,8,3.0,6.0,31.0,43.4,"{'listcomp_urd': -5.0, 'letterid_eng': -6.1, 'pw_eng': 8.9, 'idnummag': 11.2, 'blfluency': 2.9, 'bleffcomp': -31.4, 'wrdpblm': -182.8, 'patterns': 0.0}","{'listcomp_urd': (36.1, 40.0), 'letterid_eng': (77.5, 66.0), 'pw_eng': (23.2, 33.0), 'idnummag': (0.3, 56.0), 'blfluency': (20.2, 129.0), 'bleffcomp': (2.8, 19.0), 'wrdpblm': (0.2, 11.0), 'patterns': (0.2, 31.0)}",0.08794375,AA_174662a2-7c83-461
15,11,11,3.0,6.0,32.1,23.3,"{'listcomp_urd': 31.7, 'orf_urd': -195.9, 'rdcomp_urd': 0.0, 'listcomp_eng': 42.3, 'letterid_eng': -1.4, 'idwrd_eng': -41.4, 'idnummag': 5.4, 'numrep': -20.8, 'blfluency': 7.9, 'wrdpblm': 5.7, 'patterns': -0.9}","{'listcomp_urd': (23.0, 53.0), 'orf_urd': (46.9, 109.0), 'rdcomp_urd': (17.8, 23.0), 'listcomp_eng': (17.7, 65.0), 'letterid_eng': (72.8, 74.0), 'idwrd_eng': (133.9, 150.0), 'idnummag': (28.7, 43.0), 'numrep': (64.8, 46.0), 'blfluency': (55.3, 69.0), 'wrdpblm': (68.5, 80.0), 'patterns': (27.1, 32.0)}",0.11295625,AA_19062548-6352-45b
17,14,14,5.0,10.0,11.8,26.4,"{'listcomp_urd': 32.2, 'idwrd_urd': 3.3, 'orf_urd': -0.6, 'rdcomp_urd': -8.9, 'listcomp_eng': 9.1, 'letterid_eng': -1.9, 'idwrd_eng': -29.7, 'orf_eng': 0.9, 'rdcomp_eng': 0.0, 'idnummag': 31.9, 'numrep': -5.2, 'blfluency': 6.9, 'wrdpblm': -28.4, 'patterns': -6.7}","{'listcomp_urd': (22.4, 57.0), 'idwrd_urd': (67.5, 78.0), 'orf_urd': (21.7, 104.0), 'rdcomp_urd': (32.1, 35.0), 'listcomp_eng': (68.9, 80.0), 'letterid_eng': (64.5, 71.0), 'idwrd_eng': (89.2, 81.0), 'orf_eng': (97.1, 98.0), 'rdcomp_eng': (14.7, 26.0), 'idnummag': (34.0, 81.0), 'numrep': (48.7, 53.0), 'blfluency': (77.9, 128.0), 'wrdpblm': (25.9, 8.0), 'patterns': (16.4, 26.0)}",0.0898775,AA_1972026f-6357-47c
13,11,9,5.0,5.0,15.9,16.5,"{'listcomp_urd': 30.1, 'idwrd_urd': 0.0, 'listcomp_eng': 56.8, 'letterid_eng': 3.1, 'pw_eng': -24.2, 'idnummag': -20.1, 'numrep': 1.9, 'wrdpblm': -3.8, 'patterns': -2.7}","{'listcomp_urd': (49.6, 85.0), 'idwrd_urd': (5.5, 39.0), 'listcomp_eng': (15.1, 77.0), 'letterid_eng': (58.4, 72.0), 'pw_eng': (12.7, 15.0), 'idnummag': (62.8, 50.0), 'numrep': (85.9, 95.0), 'wrdpblm': (80.8, 85.0), 'patterns': (73.6, 77.0)}",0.11135625,AA_1b71e9b9-d0ef-470
13,8,8,2.0,5.0,21.6,41.2,"{'letterid_urd': 12.4, 'idwrd_urd': 25.4, 'letterid_eng': 0.0, 'idnummag': -12.1, 'numrep': -14.1, 'bleffcomp': -72.3, 'wrdpblm': -32.5, 'patterns': 4.4}","{'letterid_urd': (60.4, 81.0), 'idwrd_urd': (34.1, 41.0), 'letterid_eng': (161.2, 65.0), 'idnummag': (27.1, 33.0), 'numrep': (20.1, 17.0), 'bleffcomp': (37.3, 5.0), 'wrdpblm': (44.0, 15.0), 'patterns': (41.5, 56.0)}",0.07923375,AA_1bb7fdea-6bc2-422
17,17,17,13.0,14.0,11.2,25.3,"{'listcomp_urd': -1.7, 'letterid_urd': -0.2, 'idwrd_urd': 0.1, 'orf_urd': 0.3, 'rdcomp_urd': -5.1, 'listcomp_eng': 51.6, 'letterid_eng': 0.4, 'pw_eng': 0.3, 'idwrd_eng': -45.7, 'orf_eng': 3.4, 'rdcomp_eng': -4.5, 'idnummag': 4.1, 'numrep': 0.0, 'blfluency': 2.2, 'bleffcomp': -68.6, 'wrdpblm': -1.2, 'patterns': -1.1}","{'listcomp_urd': (40.4, 41.0), 'letterid_urd': (66.2, 70.0), 'idwrd_urd': (36.1, 44.0), 'orf_urd': (32.8, 45.0), 'rdcomp_urd': (26.0, 23.0), 'listcomp_eng': (13.4, 72.0), 'letterid_eng': (64.1, 72.0), 'pw_eng': (54.3, 116.0), 'idwrd_eng': (39.1, 55.0), 'orf_eng': (42.8, 54.0), 'rdcomp_eng': (13.8, 11.0), 'idnummag': (23.8, 28.0), 'numrep': (35.8, 45.0), 'blfluency': (57.1, 139.0), 'bleffcomp': (85.5, 27.0), 'wrdpblm': (23.6, 33.0), 'patterns': (27.4, 37.0)}",0.088755,AA_1d938bbd-776b-4b6
15,14,13,5.0,10.0,12.8,20.5,"{'listcomp_urd': 36.7, 'letterid_urd': 1.6, 'idwrd_urd': 7.6, 'orf_urd': -11.7, 'listcomp_eng': 50.9, 'letterid_eng': 2.7, 'pw_eng': 0.0, 'idwrd_eng': -5.2, 'idnummag': -21.1, 'numrep': -9.8, 'blfluency': 2.2, 'wrdpblm': -14.4, 'patterns': -2.2}","{'listcomp_urd': (23.0, 76.0), 'letterid_urd': (14.2, 27.0), 'idwrd_urd': (180.6, 211.0), 'orf_urd': (41.5, 34.0), 'listcomp_eng': (44.6, 111.0), 'letterid_eng': (61.5, 90.0), 'pw_eng': (25.0, 40.0), 'idwrd_eng': (188.0, 203.0), 'idnummag': (75.3, 75.0), 'numrep': (78.9, 78.0), 'blfluency': (100.5, 66.0), 'wrdpblm': (50.6, 42.0), 'patterns': (7.0, 20.0)}",0.09262,AA_1e4a7c58-e85a-483
13,16,13,1.0,1.0,591.5,84.7,"{'listcomp_urd': -576.2, 'letterid_urd': -487.9, 'idwrd_urd': -493.7, 'listcomp_eng': -263.4, 'letterid_eng': -256.8, 'pw_eng': -201.3, 'idwrd_eng': 0.0, 'idnummag': 646.0, 'numrep': 766.2, 'blfluency': 898.2, 'bleffcomp': 858.2, 'wrdpblm': 1059.7, 'patterns': 1182.4}","{'listcomp_urd': (44.3, 63.0), 'letterid_urd': (44.4, 66.0), 'idwrd_urd': (75.8, 26.0), 'listcomp_eng': (65.5, 80.0), 'letterid_eng': (60.2, 68.0), 'pw_eng': (189.1, 29.0), 'idwrd_eng': (227.9, 21.0), 'idnummag': (145.6, 78.0), 'numrep': (191.0, 74.0), 'blfluency': (50.9, 113.0), 'bleffcomp': (168.7, 20.0), 'wrdpblm': (161.7, 76.0), 'patterns': (171.4, 45.0)}",0.13503125,AA_1f684f13-e02a-48c
17,16,16,6.0,12.0,22.0,17.9,"{'listcomp_urd': 116.4, 'letterid_urd': -0.1, 'idwrd_urd': -10.3, 'orf_urd': 3.5, 'rdcomp_urd': 11.2, 'listcomp_eng': 84.2, 'letterid_eng': -6.7, 'pw_eng': -1.2, 'idwrd_eng': -8.8, 'orf_eng': -2.3, 'idnummag': -71.9, 'numrep': 20.8, 'blfluency': 7.0, 'bleffcomp': 6.9, 'wrdpblm': -1.4, 'patterns': 0.0}","{'listcomp_urd': (35.1, 163.0), 'letterid_urd': (39.4, 73.0), 'idwrd_urd': (40.7, 48.0), 'orf_urd': (39.8, 64.0), 'rdcomp_urd': (30.7, 62.0), 'listcomp_eng': (7.5, 126.0), 'letterid_eng': (44.1, 55.0), 'pw_eng': (35.0, 45.0), 'idwrd_eng': (34.3, 43.0), 'orf_eng': (52.9, 67.0), 'idnummag': (190.9, 123.0), 'numrep': (65.3, 99.0), 'blfluency': (109.2, 144.0), 'bleffcomp': (83.2, 103.0), 'wrdpblm': (188.5, 212.0), 'patterns': (104.4, 116.0)}",0.10943,AA_211f7272-f101-442
13,10,10,2.0,4.0,27.2,35.1,"{'listcomp_urd': -31.6, 'letterid_urd': 18.0, 'idwrd_urd': 19.4, 'letterid_eng': 2.7, 'pw_eng': 9.2, 'idnummag': -6.4, 'numrep': 0.0, 'bleffcomp': -65.8, 'wrdpblm': -69.0, 'patterns': -50.3}","{'listcomp_urd': (22.1, 14.0), 'letterid_urd': (57.8, 79.0), 'idwrd_urd': (56.3, 43.0), 'letterid_eng': (65.7, 68.0), 'pw_eng': (143.5, 40.0), 'idnummag': (35.2, 37.0), 'numrep': (8.9, 17.0), 'bleffcomp': (16.1, 6.0), 'wrdpblm': (22.7, 8.0), 'patterns': (38.5, 8.0)}",0.0792825,AA_2296af89-8918-432
13,15,13,3.0,7.0,20.6,17.8,"{'listcomp_urd': 45.2, 'letterid_urd': -23.6, 'idwrd_urd': 0.0, 'listcomp_eng': 64.3, 'letterid_eng': -25.5, 'pw_eng': 6.3, 'idwrd_eng': -2.4, 'idnummag': -41.1, 'numrep': 29.0, 'blfluency': 11.9, 'bleffcomp': 8.6, 'wrdpblm': -6.5, 'patterns': -3.6}","{'listcomp_urd': (50.8, 99.0), 'letterid_urd': (32.2, 36.0), 'idwrd_urd': (23.3, 37.0), 'listcomp_eng': (22.9, 106.0), 'letterid_eng': (83.7, 69.0), 'pw_eng': (10.1, 46.0), 'idwrd_eng': (26.7, 36.0), 'idnummag': (93.0, 29.0), 'numrep': (46.4, 85.0), 'blfluency': (35.5, 65.0), 'bleffcomp': (9.4, 33.0), 'wrdpblm': (41.5, 43.0), 'patterns': (38.7, 39.0)}",0.0863125,AA_2318428a-ea25-4cf
15,15,14,10.0,11.0,10.5,9.6,"{'listcomp_urd': 31.2, 'idwrd_urd': 1.6, 'orf_urd': -2.0, 'rdcomp_urd': -11.5, 'listcomp_eng': 39.8, 'letterid_eng': -1.0, 'pw_eng': -1.3, 'idwrd_eng': -4.8, 'idnummag': 2.7, 'numrep': 41.2, 'blfluency': 2.8, 'bleffcomp': -2.6, 'wrdpblm': -4.6, 'patterns': 0.0}","{'listcomp_urd': (17.2, 60.0), 'idwrd_urd': (92.6, 106.0), 'orf_urd': (93.4, 104.0), 'rdcomp_urd': (48.2, 47.0), 'listcomp_eng': (21.8, 74.0), 'letterid_eng': (66.2, 75.0), 'pw_eng': (25.2, 30.0), 'idwrd_eng': (17.7, 21.0), 'idnummag': (58.0, 53.0), 'numrep': (6.3, 61.0), 'blfluency': (49.1, 66.0), 'bleffcomp': (16.7, 22.0), 'wrdpblm': (57.4, 67.0), 'patterns': (53.0, 61.0)}",0.07188,AA_2387d28e-9d18-473
13,8,8,5.0,7.0,22.7,17.5,"{'listcomp_urd': -4.9, 'letterid_urd': -2.3, 'listcomp_eng': 153.2, 'idnummag': 0.0, 'numrep': 6.0, 'bleffcomp': 7.3, 'wrdpblm': -3.2, 'patterns': -4.7}","{'listcomp_urd': (34.2, 37.0), 'letterid_urd': (45.5, 63.0), 'listcomp_eng': (24.1, 177.0), 'idnummag': (32.5, 30.0), 'numrep': (25.2, 39.0), 'bleffcomp': (26.8, 42.0), 'wrdpblm': (116.0, 123.0), 'patterns': (86.7, 95.0)}",0.082265,AA_250a871a-d114-4e1
15,13,12,5.0,9.0,13.1,13.3,"{'orf_urd': -9.0, 'rdcomp_urd': -13.7, 'listcomp_eng': 38.8, 'letterid_eng': 0.1, 'pw_eng': 0.0, 'idwrd_eng': -3.0, 'idnummag': -9.2, 'numrep': 25.8, 'blfluency': -4.6, 'bleffcomp': -2.8, 'wrdpblm': 7.8, 'patterns': 43.0}","{'orf_urd': (122.8, 133.0), 'rdcomp_urd': (30.1, 27.0), 'listcomp_eng': (18.8, 59.0), 'letterid_eng': (53.5, 76.0), 'pw_eng': (17.0, 34.0), 'idwrd_eng': (129.5, 141.0), 'idnummag': (62.3, 75.0), 'numrep': (27.8, 77.0), 'blfluency': (99.5, 105.0), 'bleffcomp': (31.8, 32.0), 'wrdpblm': (73.1, 50.0), 'patterns': (17.2, 61.0)}",0.06280125,AA_268319c5-6f94-4a8
17,17,17,9.0,13.0,17.1,22.6,"{'listcomp_urd': 53.4, 'letterid_urd': -4.8, 'idwrd_urd': 0.2, 'orf_urd': -2.6, 'rdcomp_urd': -10.2, 'listcomp_eng': 65.5, 'letterid_eng': 3.6, 'pw_eng': -7.2, 'idwrd_eng': -6.0, 'orf_eng': 4.0, 'rdcomp_eng': -2.8, 'idnummag': -77.6, 'numrep': 9.6, 'blfluency': 4.8, 'bleffcomp': 33.1, 'wrdpblm': -4.7, 'patterns': 0.0}","{'listcomp_urd': (26.6, 88.0), 'letterid_urd': (62.7, 65.0), 'idwrd_urd': (82.9, 94.0), 'orf_urd': (52.8, 63.0), 'rdcomp_urd': (40.9, 41.0), 'listcomp_eng': (13.6, 89.0), 'letterid_eng': (73.0, 83.0), 'pw_eng': (43.4, 42.0), 'idwrd_eng': (34.5, 136.0), 'orf_eng': (101.4, 119.0), 'rdcomp_eng': (30.7, 37.0), 'idnummag': (123.7, 42.0), 'numrep': (51.1, 71.0), 'blfluency': (164.3, 138.0), 'bleffcomp': (8.1, 51.0), 'wrdpblm': (75.7, 84.0), 'patterns': (25.0, 32.0)}",0.11489125,AA_271887cf-1b78-4ce
13,4,3,1.0,1.0,25.2,0.4,"{'listcomp_urd': 0.0, 'idwrd_urd': -47.2, 'listcomp_eng': 28.5}","{'listcomp_urd': (21.0, 59.0), 'idwrd_urd': (18.4, 18.0), 'listcomp_eng': (25.7, 100.0)}",0.0685225,AA_27cc721a-0d76-42a
17,15,15,5.0,11.0,20.9,22.7,"{'listcomp_urd': 62.1, 'letterid_urd': 1.3, 'idwrd_urd': -6.3, 'orf_urd': 0.0, 'rdcomp_urd': 0.0, 'listcomp_eng': 76.7, 'letterid_eng': -6.5, 'idwrd_eng': -51.0, 'rdcomp_eng': -2.2, 'idnummag': -13.5, 'numrep': 13.4, 'blfluency': 11.8, 'bleffcomp': -57.1, 'wrdpblm': 8.1, 'patterns': -2.8}","{'listcomp_urd': (59.2, 105.0), 'letterid_urd': (57.4, 65.0), 'idwrd_urd': (27.7, 30.0), 'orf_urd': (29.2, 38.0), 'rdcomp_urd': (18.8, 27.0), 'listcomp_eng': (28.4, 110.0), 'letterid_eng': (41.0, 48.0), 'idwrd_eng': (57.0, 36.0), 'rdcomp_eng': (20.6, 26.0), 'idnummag': (43.4, 35.0), 'numrep': (61.0, 79.0), 'blfluency': (49.6, 139.0), 'bleffcomp': (46.3, 48.0), 'wrdpblm': (94.8, 112.0), 'patterns': (58.1, 61.0)}",0.09763,AA_27e407f8-7dc7-428
17,0,0,,,,,,,,AA_2849af5c-6d21-4cd
17,17,17,7.0,14.0,14.5,17.9,"{'listcomp_urd': 46.1, 'letterid_urd': 0.0, 'idwrd_urd': -5.1, 'orf_urd': -9.8, 'rdcomp_urd': -7.7, 'listcomp_eng': 73.2, 'letterid_eng': 0.4, 'pw_eng': 1.7, 'idwrd_eng': -4.1, 'orf_eng': 6.2, 'rdcomp_eng': -2.4, 'idnummag': -7.1, 'numrep': 1.5, 'blfluency': 13.0, 'bleffcomp': -59.6, 'wrdpblm': -6.4, 'patterns': 2.9}","{'listcomp_urd': (35.9, 90.0), 'letterid_urd': (64.6, 65.0), 'idwrd_urd': (54.4, 78.0), 'orf_urd': (38.3, 37.0), 'rdcomp_urd': (37.6, 32.0), 'listcomp_eng': (35.3, 115.0), 'letterid_eng': (58.1, 65.0), 'pw_eng': (11.5, 20.0), 'idwrd_eng': (69.4, 75.0), 'orf_eng': (61.7, 74.0), 'rdcomp_eng': (31.9, 35.0), 'idnummag': (87.8, 93.0), 'numrep': (104.8, 108.0), 'blfluency': (59.4, 144.0), 'bleffcomp': (100.5, 60.0), 'wrdpblm': (150.5, 147.0), 'patterns': (96.5, 101.0)}",0.08753625,AA_284e5d4b-0271-4ce
17,17,17,7.0,14.0,11.9,16.1,"{'listcomp_urd': 43.0, 'letterid_urd': -1.7, 'idwrd_urd': 5.7, 'orf_urd': -2.8, 'rdcomp_urd': -4.7, 'listcomp_eng': 60.2, 'letterid_eng': 8.8, 'pw_eng': 10.8, 'idwrd_eng': 0.9, 'orf_eng': 3.2, 'rdcomp_eng': -5.1, 'idnummag': -33.9, 'numrep': -2.0, 'blfluency': 0.0, 'bleffcomp': 7.7, 'wrdpblm': -5.4, 'patterns': -6.5}","{'listcomp_urd': (20.1, 70.0), 'letterid_urd': (68.4, 68.0), 'idwrd_urd': (50.0, 67.0), 'orf_urd': (48.2, 58.0), 'rdcomp_urd': (31.4, 34.0), 'listcomp_eng': (29.2, 96.0), 'letterid_eng': (55.2, 77.0), 'pw_eng': (101.5, 126.0), 'idwrd_eng': (58.3, 73.0), 'orf_eng': (91.3, 105.0), 'rdcomp_eng': (36.9, 41.0), 'idnummag': (76.9, 48.0), 'numrep': (52.1, 57.0), 'blfluency': (104.4, 131.0), 'bleffcomp': (16.2, 42.0), 'wrdpblm': (97.9, 100.0), 'patterns': (50.3, 51.0)}",0.0976275,AA_2958d924-08be-406
13,15,13,7.0,9.0,14.5,17.9,"{'listcomp_urd': 73.2, 'letterid_urd': 6.3, 'idwrd_urd': 0.7, 'listcomp_eng': 39.9, 'letterid_eng': -0.0, 'pw_eng': -1.3, 'idwrd_eng': 9.3, 'idnummag': -1.9, 'numrep': 34.9, 'blfluency': -0.2, 'bleffcomp': -18.9, 'wrdpblm': 0.0, 'patterns': -1.9}","{'listcomp_urd': (33.2, 112.0), 'letterid_urd': (51.3, 66.0), 'idwrd_urd': (23.1, 46.0), 'listcomp_eng': (24.4, 70.0), 'letterid_eng': (62.1, 66.0), 'pw_eng': (10.7, 24.0), 'idwrd_eng': (0.4, 30.0), 'idnummag': (33.0, 26.0), 'numrep': (40.9, 80.0), 'blfluency': (43.7, 67.0), 'bleffcomp': (33.4, 19.0), 'wrdpblm': (29.1, 36.0), 'patterns': (68.4, 71.0)}",0.06682625,AA_2961fac7-aa9a-4de
17,17,17,8.0,14.0,10.4,15.2,"{'listcomp_urd': 17.6, 'letterid_urd': 7.8, 'idwrd_urd': 0.0, 'orf_urd': -5.6, 'rdcomp_urd': -5.4, 'listcomp_eng': 55.3, 'letterid_eng': 1.4, 'pw_eng': 0.5, 'idwrd_eng': 0.6, 'orf_eng': 5.4, 'rdcomp_eng': -1.6, 'idnummag': -5.5, 'numrep': -2.3, 'blfluency': 5.2, 'bleffcomp': -60.9, 'wrdpblm': -1.3, 'patterns': -1.2}","{'listcomp_urd': (34.0, 55.0), 'letterid_urd': (59.8, 70.0), 'idwrd_urd': (41.9, 49.0), 'orf_urd': (38.7, 39.0), 'rdcomp_urd': (35.0, 33.0), 'listcomp_eng': (29.4, 87.0), 'letterid_eng': (58.0, 64.0), 'pw_eng': (37.3, 43.0), 'idwrd_eng': (26.9, 35.0), 'orf_eng': (35.8, 46.0), 'rdcomp_eng': (39.8, 40.0), 'idnummag': (51.8, 55.0), 'numrep': (81.7, 81.0), 'blfluency': (58.7, 133.0), 'bleffcomp': (91.0, 42.0), 'wrdpblm': (56.0, 56.0), 'patterns': (61.1, 63.0)}",0.09324125,AA_29cbf33e-8ec1-4da
17,16,16,4.0,12.0,13.8,23.4,"{'listcomp_urd': 43.9, 'letterid_urd': -12.0, 'idwrd_urd': 7.6, 'orf_urd': 17.8, 'rdcomp_urd': -5.6, 'listcomp_eng': 29.0, 'letterid_eng': 0.0, 'idwrd_eng': -12.9, 'orf_eng': 6.4, 'rdcomp_eng': -5.3, 'idnummag': -7.0, 'numrep': 1.8, 'blfluency': 0.5, 'bleffcomp': -62.5, 'wrdpblm': -5.9, 'patterns': -2.3}","{'listcomp_urd': (64.9, 119.0), 'letterid_urd': (62.5, 65.0), 'idwrd_urd': (47.4, 75.0), 'orf_urd': (25.8, 56.0), 'rdcomp_urd': (36.8, 44.0), 'listcomp_eng': (72.9, 110.0), 'letterid_eng': (47.8, 63.0), 'idwrd_eng': (33.4, 33.0), 'orf_eng': (44.4, 63.0), 'rdcomp_eng': (41.5, 49.0), 'idnummag': (71.3, 77.0), 'numrep': (57.1, 69.0), 'blfluency': (59.0, 128.0), 'bleffcomp': (122.9, 71.0), 'wrdpblm': (116.1, 120.0), 'patterns': (67.6, 83.0)}",0.11541,AA_2a65f1d9-b974-45b
15,14,14,6.0,10.0,14.8,9.5,"{'listcomp_urd': 49.4, 'letterid_urd': 22.5, 'idwrd_urd': -5.2, 'orf_urd': 1.7, 'rdcomp_urd': 4.4, 'listcomp_eng': 30.1, 'letterid_eng': -1.0, 'pw_eng': -5.2, 'idwrd_eng': -3.5, 'idnummag': -9.0, 'numrep': -3.7, 'bleffcomp': -66.7, 'wrdpblm': 5.2, 'patterns': 0.0}","{'listcomp_urd': (18.4, 72.0), 'letterid_urd': (57.3, 83.0), 'idwrd_urd': (134.9, 134.0), 'orf_urd': (88.0, 93.0), 'rdcomp_urd': (11.8, 34.0), 'listcomp_eng': (10.4, 48.0), 'letterid_eng': (66.7, 71.0), 'pw_eng': (15.6, 19.0), 'idwrd_eng': (142.5, 125.0), 'idnummag': (56.5, 61.0), 'numrep': (47.9, 49.0), 'bleffcomp': (84.1, 22.0), 'wrdpblm': (77.0, 86.0), 'patterns': (27.7, 46.0)}",0.0830425,AA_2d306c3b-928f-478
13,7,7,3.0,4.0,23.7,44.9,"{'listcomp_urd': -31.6, 'letterid_urd': 0.0, 'letterid_eng': 105.0, 'idnummag': -3.9, 'numrep': 15.6, 'wrdpblm': -5.2, 'patterns': 4.7}","{'listcomp_urd': (65.6, 37.0), 'letterid_urd': (122.2, 69.0), 'letterid_eng': (27.4, 64.0), 'idnummag': (35.6, 25.0), 'numrep': (4.0, 31.0), 'wrdpblm': (28.9, 30.0), 'patterns': (27.6, 41.0)}",0.0803675,AA_30410594-6fd6-468
17,15,15,4.0,13.0,13.0,30.1,"{'listcomp_urd': 43.9, 'letterid_urd': 14.6, 'idwrd_urd': 8.9, 'orf_urd': 0.0, 'rdcomp_urd': -8.4, 'listcomp_eng': 60.2, 'letterid_eng': 5.5, 'idwrd_eng': -7.5, 'orf_eng': -0.4, 'rdcomp_eng': -10.2, 'idnummag': -10.0, 'numrep': 1.9, 'blfluency': 12.6, 'wrdpblm': -4.8, 'patterns': -6.4}","{'listcomp_urd': (47.9, 103.0), 'letterid_urd': (61.5, 86.0), 'idwrd_urd': (148.0, 193.0), 'orf_urd': (181.9, 203.0), 'rdcomp_urd': (25.7, 31.0), 'listcomp_eng': (22.1, 94.0), 'letterid_eng': (62.8, 83.0), 'idwrd_eng': (27.2, 50.0), 'orf_eng': (122.7, 197.0), 'rdcomp_eng': (55.9, 42.0), 'idnummag': (48.5, 46.0), 'numrep': (50.2, 66.0), 'blfluency': (69.2, 72.0), 'wrdpblm': (83.6, 93.0), 'patterns': (62.8, 70.0)}",0.09109875,AA_34eb5079-1c89-41d
13,8,7,2.0,2.0,55.0,13.8,"{'listcomp_urd': 167.3, 'letterid_eng': -17.8, 'pw_eng': 104.6, 'idnummag': 0.0, 'numrep': 16.4, 'bleffcomp': -76.3, 'patterns': -2.6}","{'listcomp_urd': (4.9, 220.0), 'letterid_eng': (87.5, 65.0), 'pw_eng': (29.8, 35.0), 'idnummag': (63.0, 60.0), 'numrep': (19.6, 71.0), 'bleffcomp': (75.7, 19.0), 'patterns': (13.3, 49.0)}",0.07102,AA_350b43cb-69b8-4f0
17,10,10,5.0,7.0,10.0,22.0,"{'listcomp_urd': 23.7, 'letterid_urd': -1.9, 'idwrd_urd': -4.8, 'orf_urd': 0.0, 'letterid_eng': -6.3, 'pw_eng': 12.9, 'idwrd_eng': -2.1, 'orf_eng': 0.0, 'idnummag': -21.7, 'blfluency': 27.0}","{'listcomp_urd': (8.4, 42.0), 'letterid_urd': (66.9, 75.0), 'idwrd_urd': (61.4, 104.0), 'orf_urd': (119.2, 144.0), 'letterid_eng': (64.4, 66.0), 'pw_eng': (160.1, 191.0), 'idwrd_eng': (152.2, 165.0), 'orf_eng': (141.2, 158.0), 'idnummag': (44.9, 37.0), 'blfluency': (90.7, 129.0)}",0.07876375,AA_35367e51-cc29-4df
13,15,13,2.0,6.0,39.5,19.9,"{'listcomp_urd': 89.4, 'letterid_urd': -9.1, 'idwrd_urd': -18.0, 'listcomp_eng': 105.2, 'letterid_eng': 1.0, 'pw_eng': 6.5, 'idwrd_eng': 0.0, 'idnummag': -20.5, 'numrep': 12.2, 'blfluency': -18.3, 'bleffcomp': -6.6, 'wrdpblm': 62.1, 'patterns': -164.1}","{'listcomp_urd': (44.8, 173.0), 'letterid_urd': (62.9, 77.0), 'idwrd_urd': (30.1, 33.0), 'listcomp_eng': (81.4, 213.0), 'letterid_eng': (56.2, 87.0), 'pw_eng': (13.5, 54.0), 'idwrd_eng': (22.6, 45.0), 'idnummag': (188.6, 156.0), 'numrep': (142.1, 178.0), 'blfluency': (61.0, 70.0), 'bleffcomp': (82.9, 50.0), 'wrdpblm': (111.1, 198.0), 'patterns': (299.1, 162.0)}",0.092715,AA_374d6c43-5ef4-4ab
13,14,13,5.0,9.0,12.0,16.8,"{'listcomp_urd': 54.4, 'letterid_urd': 0.0, 'idwrd_urd': 13.5, 'listcomp_eng': -5.1, 'letterid_eng': -6.2, 'pw_eng': -3.5, 'idwrd_eng': 18.6, 'idnummag': 27.4, 'numrep': 16.1, 'blfluency': 0.4, 'bleffcomp': -2.0, 'wrdpblm': -2.3, 'patterns': -6.5}","{'listcomp_urd': (37.0, 104.0), 'letterid_urd': (55.3, 67.0), 'idwrd_urd': (23.3, 44.0), 'listcomp_eng': (39.9, 47.0), 'letterid_eng': (62.3, 71.0), 'pw_eng': (138.4, 170.0), 'idwrd_eng': (47.0, 65.0), 'idnummag': (16.0, 39.0), 'numrep': (30.4, 63.0), 'blfluency': (45.2, 55.0), 'bleffcomp': (20.3, 24.0), 'wrdpblm': (38.7, 43.0), 'patterns': (14.1, 16.0)}",0.1062925,AA_3815999e-d698-486
15,14,13,7.0,10.0,10.0,10.2,"{'listcomp_urd': 35.0, 'letterid_urd': 3.0, 'idwrd_urd': 0.0, 'orf_urd': 0.2, 'rdcomp_urd': -4.5, 'listcomp_eng': 26.5, 'letterid_eng': -2.8, 'idwrd_eng': -6.0, 'idnummag': -13.7, 'numrep': 14.2, 'blfluency': 2.9, 'wrdpblm': -3.3, 'patterns': -18.2}","{'listcomp_urd': (20.9, 69.0), 'letterid_urd': (62.0, 71.0), 'idwrd_urd': (191.7, 197.0), 'orf_urd': (187.3, 192.0), 'rdcomp_urd': (26.9, 35.0), 'listcomp_eng': (25.1, 60.0), 'letterid_eng': (99.7, 69.0), 'idwrd_eng': (188.9, 191.0), 'idnummag': (39.7, 16.0), 'numrep': (17.9, 42.0), 'blfluency': (82.5, 73.0), 'wrdpblm': (44.5, 47.0), 'patterns': (69.7, 58.0)}",0.0877125,AA_398f7981-c4b7-4fd
17,15,15,10.0,14.0,5.5,8.6,"{'listcomp_urd': 27.1, 'letterid_urd': -2.7, 'idwrd_urd': -3.4, 'orf_urd': 2.8, 'rdcomp_urd': -7.6, 'letterid_eng': -3.8, 'pw_eng': -6.5, 'idwrd_eng': -1.8, 'orf_eng': 6.6, 'rdcomp_eng': 2.3, 'idnummag': 0.6, 'numrep': -2.0, 'blfluency': 0.0, 'wrdpblm': 11.6, 'patterns': 4.3}","{'listcomp_urd': (15.4, 57.0), 'letterid_urd': (60.4, 66.0), 'idwrd_urd': (89.5, 95.0), 'orf_urd': (75.7, 93.0), 'rdcomp_urd': (23.9, 23.0), 'letterid_eng': (59.7, 65.0), 'pw_eng': (125.8, 132.0), 'idwrd_eng': (113.6, 121.0), 'orf_eng': (133.6, 150.0), 'rdcomp_eng': (19.3, 35.0), 'idnummag': (41.1, 49.0), 'numrep': (58.9, 66.0), 'blfluency': (123.9, 119.0), 'wrdpblm': (18.6, 38.0), 'patterns': (49.2, 59.0)}",0.10838375,AA_3a4a571d-875c-4bb
15,16,15,4.0,12.0,18.4,26.1,"{'listcomp_urd': 50.7, 'letterid_urd': -12.9, 'idwrd_urd': -1.7, 'orf_urd': 1.7, 'rdcomp_urd': 8.7, 'listcomp_eng': 92.8, 'letterid_eng': -12.6, 'pw_eng': -10.1, 'idwrd_eng': -12.6, 'idnummag': -7.8, 'numrep': 9.6, 'blfluency': 0.0, 'bleffcomp': 42.7, 'wrdpblm': 7.9, 'patterns': -4.7}","{'listcomp_urd': (89.3, 161.0), 'letterid_urd': (58.5, 105.0), 'idwrd_urd': (114.9, 137.0), 'orf_urd': (143.9, 171.0), 'rdcomp_urd': (51.6, 83.0), 'listcomp_eng': (36.2, 148.0), 'letterid_eng': (57.1, 69.0), 'pw_eng': (132.8, 150.0), 'idwrd_eng': (181.0, 190.0), 'idnummag': (77.8, 89.0), 'numrep': (89.2, 118.0), 'blfluency': (17.8, 67.0), 'bleffcomp': (19.3, 63.0), 'wrdpblm': (135.7, 159.0), 'patterns': (114.5, 124.0)}",0.09174875,AA_3b6b6972-0052-450
17,16,16,9.0,13.0,11.8,11.1,"{'listcomp_urd': 22.8, 'letterid_urd': -7.4, 'idwrd_urd': -8.7, 'orf_urd': 2.9, 'rdcomp_urd': -3.7, 'listcomp_eng': 79.7, 'letterid_eng': 0.0, 'idwrd_eng': -26.7, 'orf_eng': 3.5, 'rdcomp_eng': -0.6, 'idnummag': -0.2, 'numrep': 15.0, 'blfluency': 1.8, 'bleffcomp': -11.3, 'wrdpblm': -3.2, 'patterns': 1.7}","{'listcomp_urd': (43.6, 67.0), 'letterid_urd': (47.9, 55.0), 'idwrd_urd': (30.2, 32.0), 'orf_urd': (21.5, 31.0), 'rdcomp_urd': (29.0, 30.0), 'listcomp_eng': (22.0, 107.0), 'letterid_eng': (46.8, 55.0), 'idwrd_eng': (50.4, 31.0), 'orf_eng': (24.7, 34.0), 'rdcomp_eng': (35.6, 40.0), 'idnummag': (61.5, 55.0), 'numrep': (57.1, 77.0), 'blfluency': (91.7, 114.0), 'bleffcomp': (65.1, 60.0), 'wrdpblm': (95.6, 97.0), 'patterns': (73.4, 74.0)}",0.08314875,AA_422a2830-a7ac-4b4
13,5,5,4.0,4.0,14.4,26.4,"{'letterid_urd': -1.4, 'letterid_eng': 3.2, 'idnummag': 0.0, 'bleffcomp': -63.7, 'wrdpblm': 3.8}","{'letterid_urd': (60.3, 76.0), 'letterid_eng': (35.9, 73.0), 'idnummag': (19.8, 19.0), 'bleffcomp': (59.0, 5.0), 'wrdpblm': (0.4, 14.0)}",0.06450375,AA_430d23d7-68df-42a
17,12,12,3.0,9.0,12.0,18.4,"{'listcomp_urd': 48.0, 'letterid_urd': 6.4, 'orf_urd': -3.5, 'rdcomp_urd': -6.5, 'letterid_eng': -20.9, 'idwrd_eng': -5.2, 'orf_eng': 2.2, 'idnummag': -11.8, 'numrep': 13.0, 'blfluency': 0.0, 'wrdpblm': 18.5, 'patterns': -8.6}","{'listcomp_urd': (22.0, 82.0), 'letterid_urd': (74.0, 86.0), 'orf_urd': (40.5, 49.0), 'rdcomp_urd': (32.1, 35.0), 'letterid_eng': (80.2, 84.0), 'idwrd_eng': (53.3, 58.0), 'orf_eng': (61.3, 77.0), 'idnummag': (53.5, 43.0), 'numrep': (37.4, 60.0), 'blfluency': (67.2, 133.0), 'wrdpblm': (55.3, 86.0), 'patterns': (49.2, 51.0)}",0.09883125,AA_44e68d46-79a6-402
15,1,1,,,,,,,,AA_44eadcb8-72fe-43d
13,6,6,1.0,3.0,24.4,,"{'listcomp_urd': 54.7, 'listcomp_eng': 51.5, 'idnummag': -9.1, 'bleffcomp': -26.1, 'wrdpblm': 0.0, 'patterns': -5.2}","{'listcomp_urd': (29.2, 92.0), 'listcomp_eng': (28.1, 78.0), 'idnummag': (39.3, 25.0), 'bleffcomp': (38.3, 25.0), 'wrdpblm': (28.3, 35.0), 'patterns': (7.5, 12.0)}",0.0693625,AA_45355662-7319-408
15,16,15,9.0,12.0,11.2,18.8,"{'listcomp_urd': 29.3, 'letterid_urd': 0.7, 'idwrd_urd': 1.1, 'orf_urd': -2.2, 'rdcomp_urd': -4.8, 'listcomp_eng': 37.2, 'letterid_eng': -2.5, 'pw_eng': 0.0, 'idwrd_eng': -8.3, 'idnummag': 11.6, 'numrep': -4.1, 'blfluency': 1.7, 'bleffcomp': -54.2, 'wrdpblm': 9.9, 'patterns': -0.1}","{'listcomp_urd': (29.9, 70.0), 'letterid_urd': (85.3, 88.0), 'idwrd_urd': (60.7, 79.0), 'orf_urd': (47.9, 60.0), 'rdcomp_urd': (21.7, 27.0), 'listcomp_eng': (19.3, 64.0), 'letterid_eng': (64.6, 72.0), 'pw_eng': (20.5, 29.0), 'idwrd_eng': (88.7, 97.0), 'idnummag': (30.9, 97.0), 'numrep': (79.8, 100.0), 'blfluency': (53.8, 128.0), 'bleffcomp': (122.0, 86.0), 'wrdpblm': (45.4, 66.0), 'patterns': (72.8, 83.0)}",0.0838875,AA_48d71665-bb15-401
17,15,15,7.0,10.0,13.1,22.9,"{'listcomp_urd': 25.0, 'letterid_urd': 20.5, 'idwrd_urd': 0.5, 'orf_urd': -4.8, 'rdcomp_urd': -3.7, 'letterid_eng': -2.6, 'idwrd_eng': -30.2, 'orf_eng': -3.8, 'rdcomp_eng': 21.5, 'idnummag': -6.7, 'numrep': 5.5, 'blfluency': 0.0, 'bleffcomp': -62.1, 'wrdpblm': 9.2, 'patterns': 0.2}","{'listcomp_urd': (19.7, 50.0), 'letterid_urd': (52.7, 86.0), 'idwrd_urd': (43.3, 53.0), 'orf_urd': (39.5, 47.0), 'rdcomp_urd': (31.1, 32.0), 'letterid_eng': (64.0, 65.0), 'idwrd_eng': (115.3, 98.0), 'orf_eng': (68.9, 78.0), 'rdcomp_eng': (8.2, 35.0), 'idnummag': (49.7, 52.0), 'numrep': (80.8, 92.0), 'blfluency': (50.8, 133.0), 'bleffcomp': (78.1, 43.0), 'wrdpblm': (108.5, 123.0), 'patterns': (73.6, 80.0)}",0.08970875,AA_4e25386a-f7bc-4a1
15,13,13,7.0,10.0,12.7,18.6,"{'listcomp_urd': 38.4, 'letterid_urd': -0.6, 'idwrd_urd': -5.6, 'orf_urd': 8.0, 'rdcomp_urd': 0.2, 'listcomp_eng': 39.2, 'letterid_eng': 0.0, 'pw_eng': -4.4, 'idwrd_eng': 1.0, 'idnummag': -48.1, 'numrep': 12.3, 'wrdpblm': -4.0, 'patterns': -3.7}","{'listcomp_urd': (20.2, 67.0), 'letterid_urd': (56.9, 65.0), 'idwrd_urd': (135.5, 140.0), 'orf_urd': (74.8, 116.0), 'rdcomp_urd': (23.3, 33.0), 'listcomp_eng': (11.5, 62.0), 'letterid_eng': (57.6, 75.0), 'pw_eng': (118.4, 127.0), 'idwrd_eng': (155.9, 188.0), 'idnummag': (89.9, 50.0), 'numrep': (12.5, 37.0), 'wrdpblm': (15.7, 24.0), 'patterns': (17.8, 21.0)}",0.071725,AA_4f99136d-8961-4e8
13,9,9,2.0,3.0,17.4,12.4,"{'listcomp_urd': 26.5, 'listcomp_eng': 31.6, 'letterid_eng': -19.8, 'idwrd_eng': -18.8, 'idnummag': -22.4, 'numrep': 26.0, 'blfluency': 0.0, 'wrdpblm': -9.7, 'patterns': 1.4}","{'listcomp_urd': (24.8, 83.0), 'listcomp_eng': (28.6, 89.0), 'letterid_eng': (54.9, 75.0), 'idwrd_eng': (19.7, 30.0), 'idnummag': (86.0, 61.0), 'numrep': (20.2, 67.0), 'blfluency': (85.9, 79.0), 'wrdpblm': (79.0, 103.0), 'patterns': (50.2, 95.0)}",0.10315625,AA_519d13b2-37f9-45c
15,16,14,1.0,1.0,70.2,41.1,"{'listcomp_urd': 141.6, 'idwrd_urd': 87.9, 'orf_urd': 70.3, 'rdcomp_urd': 44.8, 'listcomp_eng': 78.7, 'letterid_eng': 83.9, 'pw_eng': -51.3, 'idwrd_eng': 0.0, 'idnummag': -22.9, 'numrep': -38.3, 'blfluency': -74.1, 'bleffcomp': -101.7, 'wrdpblm': -71.9, 'patterns': -115.8}","{'listcomp_urd': (25.7, 89.0), 'idwrd_urd': (12.9, 36.0), 'orf_urd': (37.3, 66.0), 'rdcomp_urd': (21.8, 31.0), 'listcomp_eng': (35.3, 69.0), 'letterid_eng': (28.4, 108.0), 'pw_eng': (24.5, 47.0), 'idwrd_eng': (60.7, 122.0), 'idnummag': (35.8, 55.0), 'numrep': (49.4, 87.0), 'blfluency': (31.6, 63.0), 'bleffcomp': (54.3, 58.0), 'wrdpblm': (61.7, 118.0), 'patterns': (48.9, 73.0)}",0.138285,AA_51a660bb-7db5-4a2
13,11,9,6.0,8.0,10.4,16.5,"{'letterid_urd': 2.0, 'idwrd_urd': 0.0, 'letterid_eng': -0.7, 'pw_eng': -2.0, 'idwrd_eng': 8.9, 'idnummag': 0.6, 'blfluency': -8.5, 'bleffcomp': -70.5, 'patterns': 0.5}","{'letterid_urd': (63.8, 68.0), 'idwrd_urd': (32.6, 35.0), 'letterid_eng': (69.2, 72.0), 'pw_eng': (38.6, 33.0), 'idwrd_eng': (33.1, 44.0), 'idnummag': (61.3, 61.0), 'blfluency': (65.0, 138.0), 'bleffcomp': (86.8, 40.0), 'patterns': (11.6, 29.0)}",0.080245,AA_52be51a8-a34a-4d0
13,8,7,1.0,2.0,30.6,55.6,"{'letterid_urd': 27.0, 'idwrd_urd': 21.4, 'letterid_eng': 11.5, 'idnummag': -40.9, 'blfluency': -70.0, 'wrdpblm': 0.0, 'patterns': -43.6}","{'letterid_urd': (12.8, 83.0), 'idwrd_urd': (47.9, 40.0), 'letterid_eng': (197.9, 76.0), 'idnummag': (77.2, 27.0), 'blfluency': (88.2, 66.0), 'wrdpblm': (7.0, 11.0), 'patterns': (67.0, 30.0)}",0.09404625,AA_54566619-3293-4dd
17,17,17,9.0,14.0,28.6,15.3,"{'listcomp_urd': 340.2, 'letterid_urd': 32.8, 'idwrd_urd': -2.0, 'orf_urd': 9.3, 'rdcomp_urd': 1.1, 'listcomp_eng': 57.4, 'letterid_eng': -3.2, 'pw_eng': 0.0, 'idwrd_eng': -1.9, 'orf_eng': 6.3, 'rdcomp_eng': -0.5, 'idnummag': -10.9, 'numrep': 8.1, 'blfluency': -1.8, 'bleffcomp': 6.1, 'wrdpblm': -2.9, 'patterns': -1.1}","{'listcomp_urd': (29.5, 373.0), 'letterid_urd': (28.6, 70.0), 'idwrd_urd': (25.6, 32.0), 'orf_urd': (19.8, 37.0), 'rdcomp_urd': (26.2, 31.0), 'listcomp_eng': (37.4, 97.0), 'letterid_eng': (45.2, 50.0), 'pw_eng': (32.6, 47.0), 'idwrd_eng': (26.3, 32.0), 'orf_eng': (24.8, 38.0), 'rdcomp_eng': (52.3, 57.0), 'idnummag': (61.8, 248.0), 'numrep': (62.3, 80.0), 'blfluency': (105.8, 125.0), 'bleffcomp': (41.0, 50.0), 'wrdpblm': (88.4, 89.0), 'patterns': (74.6, 77.0)}",0.10994625,AA_5536eaa7-896f-423
17,12,12,5.0,10.0,21.9,30.7,"{'listcomp_urd': -100.9, 'letterid_urd': 5.2, 'rdcomp_urd': 3.5, 'listcomp_eng': 14.0, 'pw_eng': 1.2, 'idwrd_eng': -11.3, 'orf_eng': 8.6, 'idnummag': -12.9, 'numrep': 0.0, 'blfluency': -3.9, 'bleffcomp': -98.6, 'wrdpblm': -2.3}","{'listcomp_urd': (6.2, 18.0), 'letterid_urd': (51.9, 66.0), 'rdcomp_urd': (23.5, 30.0), 'listcomp_eng': (1.1, 32.0), 'pw_eng': (65.2, 78.0), 'idwrd_eng': (58.9, 47.0), 'orf_eng': (56.2, 68.0), 'idnummag': (49.7, 39.0), 'numrep': (40.0, 59.0), 'blfluency': (26.0, 129.0), 'bleffcomp': (119.3, 38.0), 'wrdpblm': (4.0, 13.0)}",0.10251625,AA_55913fb1-5a12-42a
13,10,10,2.0,6.0,14.6,9.8,"{'listcomp_urd': 34.4, 'letterid_urd': 3.4, 'idwrd_urd': -9.5, 'listcomp_eng': 31.7, 'letterid_eng': 0.0, 'idnummag': -7.8, 'numrep': 19.2, 'bleffcomp': -24.7, 'wrdpblm': -7.6, 'patterns': -7.9}","{'listcomp_urd': (11.9, 53.0), 'letterid_urd': (61.6, 77.0), 'idwrd_urd': (8.7, 8.0), 'listcomp_eng': (22.1, 61.0), 'letterid_eng': (60.6, 74.0), 'idnummag': (91.9, 65.0), 'numrep': (30.0, 55.0), 'bleffcomp': (15.2, 10.0), 'wrdpblm': (45.7, 59.0), 'patterns': (11.7, 11.0)}",0.07962875,AA_55bff466-ee5d-48f
15,12,12,5.0,9.0,15.2,30.2,"{'listcomp_urd': 15.3, 'letterid_urd': -4.4, 'idwrd_urd': 4.5, 'listcomp_eng': 47.0, 'letterid_eng': -4.8, 'pw_eng': -5.1, 'idwrd_eng': 5.7, 'numrep': -3.3, 'blfluency': 5.6, 'bleffcomp': -81.5, 'wrdpblm': 0.0, 'patterns': -5.4}","{'listcomp_urd': (50.6, 75.0), 'letterid_urd': (71.9, 68.0), 'idwrd_urd': (61.2, 81.0), 'listcomp_eng': (57.0, 116.0), 'letterid_eng': (72.2, 67.0), 'pw_eng': (20.5, 12.0), 'idwrd_eng': (59.9, 105.0), 'numrep': (117.5, 122.0), 'blfluency': (40.2, 139.0), 'bleffcomp': (134.6, 62.0), 'wrdpblm': (81.9, 91.0), 'patterns': (84.9, 112.0)}",0.1434325,AA_577dd2ed-5436-421
17,14,14,2.0,8.0,24.3,23.1,"{'listcomp_urd': 37.3, 'letterid_urd': -15.6, 'idwrd_urd': 3.3, 'orf_urd': 29.2, 'rdcomp_urd': -14.3, 'listcomp_eng': 55.5, 'letterid_eng': -10.7, 'pw_eng': -6.4, 'idwrd_eng': -8.6, 'orf_eng': 0.0, 'rdcomp_eng': -13.7, 'idnummag': 7.0, 'bleffcomp': -102.7, 'wrdpblm': 36.0}","{'listcomp_urd': (42.4, 102.0), 'letterid_urd': (45.9, 45.0), 'idwrd_urd': (23.6, 68.0), 'orf_urd': (27.9, 80.0), 'rdcomp_urd': (68.2, 76.0), 'listcomp_eng': (56.5, 130.0), 'letterid_eng': (47.3, 56.0), 'pw_eng': (38.2, 55.0), 'idwrd_eng': (24.5, 37.0), 'orf_eng': (36.4, 63.0), 'rdcomp_eng': (12.5, 20.0), 'idnummag': (78.8, 102.0), 'bleffcomp': (137.2, 14.0), 'wrdpblm': (84.5, 142.0)}",0.08464625,AA_5d26dbc5-d348-4c6
15,15,14,7.0,10.0,20.6,14.2,"{'listcomp_urd': 40.7, 'letterid_urd': 6.3, 'idwrd_urd': -1.2, 'orf_urd': 2.7, 'rdcomp_urd': 3.4, 'listcomp_eng': 62.3, 'letterid_eng': 0.0, 'pw_eng': -1.7, 'idwrd_eng': -1.9, 'idnummag': -9.2, 'numrep': 26.4, 'bleffcomp': -123.2, 'wrdpblm': -1.7, 'patterns': -7.8}","{'listcomp_urd': (19.4, 72.0), 'letterid_urd': (59.2, 75.0), 'idwrd_urd': (60.1, 75.0), 'orf_urd': (43.3, 56.0), 'rdcomp_urd': (29.2, 42.0), 'listcomp_eng': (67.7, 136.0), 'letterid_eng': (62.2, 83.0), 'pw_eng': (7.0, 15.0), 'idwrd_eng': (60.8, 74.0), 'idnummag': (91.0, 66.0), 'numrep': (60.5, 94.0), 'bleffcomp': (198.8, 91.0), 'wrdpblm': (97.6, 104.0), 'patterns': (73.4, 73.0)}",0.11515875,AA_5d2c0d0d-94a3-4cd
17,17,17,12.0,14.0,10.6,16.6,"{'listcomp_urd': 37.7, 'letterid_urd': -0.2, 'idwrd_urd': -1.2, 'orf_urd': 8.5, 'rdcomp_urd': 0.1, 'listcomp_eng': 43.6, 'letterid_eng': -1.5, 'pw_eng': -0.6, 'idwrd_eng': -0.0, 'orf_eng': 11.3, 'rdcomp_eng': 0.0, 'idnummag': -4.2, 'numrep': -0.1, 'blfluency': 5.0, 'bleffcomp': -62.9, 'wrdpblm': 2.8, 'patterns': 0.1}","{'listcomp_urd': (17.0, 59.0), 'letterid_urd': (62.2, 65.0), 'idwrd_urd': (30.6, 36.0), 'orf_urd': (32.2, 46.0), 'rdcomp_urd': (33.2, 34.0), 'listcomp_eng': (31.5, 77.0), 'letterid_eng': (61.1, 62.0), 'pw_eng': (58.6, 64.0), 'idwrd_eng': (43.2, 50.0), 'orf_eng': (43.9, 63.0), 'rdcomp_eng': (35.5, 38.0), 'idnummag': (58.8, 62.0), 'numrep': (59.3, 64.0), 'blfluency': (52.3, 131.0), 'bleffcomp': (29.8, 355.0), 'wrdpblm': (159.1, 169.0), 'patterns': (64.4, 67.0)}",0.10829,AA_5dce002b-57cd-4c9
17,14,14,6.0,11.0,9.2,22.0,"{'listcomp_urd': 22.1, 'letterid_urd': -2.3, 'idwrd_urd': -0.1, 'orf_urd': 0.0, 'rdcomp_urd': -11.4, 'listcomp_eng': 28.2, 'letterid_eng': -4.4, 'pw_eng': -5.6, 'idwrd_eng': -2.1, 'orf_eng': 1.5, 'idnummag': -11.7, 'numrep': 22.9, 'blfluency': 10.6, 'wrdpblm': 5.4}","{'listcomp_urd': (15.5, 45.0), 'letterid_urd': (63.2, 70.0), 'idwrd_urd': (27.9, 40.0), 'orf_urd': (22.9, 41.0), 'rdcomp_urd': (31.4, 32.0), 'listcomp_eng': (25.7, 61.0), 'letterid_eng': (46.1, 54.0), 'pw_eng': (47.7, 53.0), 'idwrd_eng': (35.5, 45.0), 'orf_eng': (40.1, 56.0), 'idnummag': (123.9, 137.0), 'numrep': (16.2, 81.0), 'blfluency': (29.5, 130.0), 'wrdpblm': (69.8, 84.0)}",0.08688,AA_5e864c07-25df-4cc
15,3,3,1.0,1.0,16.4,46.9,"{'letterid_urd': 0.0, 'idwrd_urd': -17.7, 'orf_urd': 31.5}","{'letterid_urd': (46.6, 65.0), 'idwrd_urd': (135.8, 117.0), 'orf_urd': (147.5, 44.0)}",0.046335,AA_5f48be27-6ed5-42e
15,15,14,5.0,9.0,21.1,21.5,"{'listcomp_urd': 35.5, 'letterid_urd': -8.8, 'idwrd_urd': -1.8, 'listcomp_eng': 31.7, 'letterid_eng': -13.7, 'pw_eng': -10.4, 'idwrd_eng': 5.7, 'orf_eng': 20.8, 'idnummag': -52.5, 'numrep': 0.3, 'blfluency': -3.0, 'bleffcomp': 110.7, 'wrdpblm': 0.0, 'patterns': -0.5}","{'listcomp_urd': (23.9, 75.0), 'letterid_urd': (60.1, 67.0), 'idwrd_urd': (37.6, 58.0), 'listcomp_eng': (9.8, 59.0), 'letterid_eng': (67.7, 80.0), 'pw_eng': (181.0, 201.0), 'idwrd_eng': (34.8, 58.0), 'orf_eng': (187.5, 227.0), 'idnummag': (104.0, 72.0), 'numrep': (24.8, 64.0), 'blfluency': (37.6, 66.0), 'bleffcomp': (8.6, 133.0), 'wrdpblm': (0.4, 19.0), 'patterns': (65.7, 84.0)}",0.084245,AA_62299df1-9cd3-496
13,5,5,2.0,4.0,23.9,9.3,"{'listcomp_urd': 90.1, 'letterid_urd': 0.0, 'letterid_eng': -13.5, 'idnummag': 4.0, 'patterns': -11.9}","{'listcomp_urd': (20.6, 125.0), 'letterid_urd': (90.6, 104.0), 'letterid_eng': (60.8, 66.0), 'idnummag': (92.5, 95.0), 'patterns': (14.6, 23.0)}",0.04974,AA_63037a7f-dae6-4ca
17,16,16,3.0,12.0,15.5,16.7,"{'listcomp_urd': 27.1, 'letterid_urd': -14.4, 'idwrd_urd': -14.4, 'orf_urd': 0.5, 'rdcomp_urd': -10.7, 'listcomp_eng': 22.4, 'letterid_eng': -11.5, 'pw_eng': 1.7, 'idwrd_eng': 7.0, 'orf_eng': 10.0, 'rdcomp_eng': -7.8, 'idnummag': -79.8, 'numrep': 22.1, 'bleffcomp': 0.0, 'wrdpblm': -9.4, 'patterns': -8.5}","{'listcomp_urd': (24.7, 69.0), 'letterid_urd': (61.2, 69.0), 'idwrd_urd': (155.6, 163.0), 'orf_urd': (183.2, 212.0), 'rdcomp_urd': (27.4, 38.0), 'listcomp_eng': (0.3, 70.0), 'letterid_eng': (71.9, 78.0), 'pw_eng': (193.3, 211.0), 'idwrd_eng': (188.2, 212.0), 'orf_eng': (187.7, 213.0), 'rdcomp_eng': (30.4, 47.0), 'idnummag': (132.5, 73.0), 'numrep': (0.6, 66.0), 'bleffcomp': (44.6, 66.0), 'wrdpblm': (106.1, 119.0), 'patterns': (98.9, 113.0)}",0.1030775,AA_68b78def-9aaa-4e3
13,15,13,10.0,10.0,15.1,18.2,"{'listcomp_urd': 42.1, 'letterid_urd': 2.7, 'idwrd_urd': 0.0, 'listcomp_eng': -1.2, 'letterid_eng': -0.1, 'pw_eng': -0.7, 'idwrd_eng': -3.9, 'idnummag': 72.6, 'numrep': 1.8, 'blfluency': 1.6, 'bleffcomp': -64.9, 'wrdpblm': 3.0, 'patterns': -2.1}","{'listcomp_urd': (21.1, 66.0), 'letterid_urd': (64.0, 74.0), 'idwrd_urd': (17.9, 23.0), 'listcomp_eng': (52.7, 63.0), 'letterid_eng': (61.4, 67.0), 'pw_eng': (15.1, 24.0), 'idwrd_eng': (194.5, 198.0), 'idnummag': (30.1, 107.0), 'numrep': (177.4, 184.0), 'blfluency': (56.7, 133.0), 'bleffcomp': (91.6, 31.0), 'wrdpblm': (39.5, 53.0), 'patterns': (60.4, 65.0)}",0.09275125,AA_69691a12-deef-4dd
13,11,11,5.0,9.0,20.3,24.5,"{'listcomp_urd': 92.1, 'letterid_urd': -2.1, 'idwrd_urd': 0.0, 'listcomp_eng': 89.7, 'letterid_eng': 8.2, 'idwrd_eng': 6.4, 'idnummag': 5.6, 'numrep': -4.9, 'bleffcomp': -3.6, 'wrdpblm': -6.5, 'patterns': -4.6}","{'listcomp_urd': (17.5, 122.0), 'letterid_urd': (60.4, 69.0), 'idwrd_urd': (74.5, 28.0), 'listcomp_eng': (13.0, 112.0), 'letterid_eng': (7.3, 48.0), 'idwrd_eng': (23.7, 26.0), 'idnummag': (72.5, 86.0), 'numrep': (67.4, 69.0), 'bleffcomp': (12.0, 21.0), 'wrdpblm': (18.7, 38.0), 'patterns': (13.5, 20.0)}",0.0686875,AA_6b23e6a2-c3d5-475
17,14,14,7.0,10.0,34.4,28.6,"{'listcomp_urd': -6.8, 'letterid_urd': 0.0, 'idwrd_urd': 2.8, 'orf_urd': -44.9, 'rdcomp_urd': 3.9, 'listcomp_eng': 12.3, 'letterid_eng': -7.4, 'orf_eng': -44.6, 'rdcomp_eng': -3.5, 'idnummag': 3.4, 'numrep': 34.7, 'bleffcomp': 0.9, 'wrdpblm': -3.8, 'patterns': -311.9}","{'listcomp_urd': (10.4, 31.0), 'letterid_urd': (68.0, 70.0), 'idwrd_urd': (49.6, 99.0), 'orf_urd': (160.0, 118.0), 'rdcomp_urd': (21.8, 29.0), 'listcomp_eng': (4.9, 36.0), 'letterid_eng': (83.0, 66.0), 'orf_eng': (92.8, 60.0), 'rdcomp_eng': (36.2, 30.0), 'idnummag': (22.7, 57.0), 'numrep': (2.8, 56.0), 'bleffcomp': (26.5, 59.0), 'wrdpblm': (6.1, 22.0), 'patterns': (10.0, 15.0)}",0.124185,AA_6d4a8671-522e-4cc
13,7,7,3.0,4.0,31.1,,"{'listcomp_urd': 94.9, 'listcomp_eng': 87.8, 'idnummag': -12.9, 'numrep': -4.5, 'bleffcomp': 15.3, 'wrdpblm': 0.0, 'patterns': -2.2}","{'listcomp_urd': (62.8, 180.0), 'listcomp_eng': (44.5, 152.0), 'idnummag': (105.3, 112.0), 'numrep': (154.7, 172.0), 'bleffcomp': (49.6, 83.0), 'wrdpblm': (150.4, 170.0), 'patterns': (97.3, 116.0)}",0.09519625,AA_6eb8713d-8fdc-4f2
17,4,4,2.0,2.0,64.1,23.3,"{'orf_urd': 0.0, 'letterid_eng': -2.2, 'pw_eng': 168.8, 'idwrd_eng': -85.3}","{'orf_urd': (57.7, 66.0), 'letterid_eng': (43.4, 43.0), 'pw_eng': (82.7, 78.0), 'idwrd_eng': (162.7, 83.0)}",0.09242875,AA_6f02809d-d960-4d3
13,14,12,6.0,7.0,27.4,38.0,"{'listcomp_urd': 66.2, 'letterid_urd': 0.0, 'idwrd_urd': -2.1, 'listcomp_eng': 68.1, 'letterid_eng': -2.2, 'idwrd_eng': 29.3, 'idnummag': -57.5, 'numrep': 4.1, 'blfluency': 7.3, 'bleffcomp': -88.7, 'wrdpblm': -1.4, 'patterns': -1.6}","{'listcomp_urd': (39.9, 115.0), 'letterid_urd': (62.2, 67.0), 'idwrd_urd': (13.6, 26.0), 'listcomp_eng': (37.9, 106.0), 'letterid_eng': (101.3, 66.0), 'idwrd_eng': (152.2, 189.0), 'idnummag': (122.2, 70.0), 'numrep': (92.8, 101.0), 'blfluency': (45.1, 146.0), 'bleffcomp': (109.7, 35.0), 'wrdpblm': (108.7, 109.0), 'patterns': (29.3, 35.0)}",0.08915875,AA_6f2e975a-3208-448
13,9,9,1.0,5.0,17.5,28.2,"{'listcomp_urd': 28.6, 'letterid_urd': -18.4, 'idwrd_urd': -11.4, 'listcomp_eng': 46.0, 'letterid_eng': -19.7, 'idnummag': 0.0, 'blfluency': -10.6, 'wrdpblm': 14.7, 'patterns': 7.7}","{'listcomp_urd': (28.2, 78.0), 'letterid_urd': (57.9, 65.0), 'idwrd_urd': (38.6, 29.0), 'listcomp_eng': (25.2, 96.0), 'letterid_eng': (121.3, 66.0), 'idnummag': (29.8, 56.0), 'blfluency': (100.1, 141.0), 'wrdpblm': (79.5, 114.0), 'patterns': (31.0, 63.0)}",0.08955125,AA_72720d37-958f-4af
13,13,12,7.0,11.0,38.0,13.8,"{'listcomp_urd': 411.2, 'letterid_urd': 11.8, 'idwrd_urd': 4.1, 'listcomp_eng': -3.0, 'letterid_eng': 1.3, 'pw_eng': 0.0, 'idnummag': -7.4, 'numrep': -0.1, 'blfluency': 9.2, 'bleffcomp': -6.1, 'wrdpblm': -1.5, 'patterns': -0.4}","{'listcomp_urd': (28.3, 442.0), 'letterid_urd': (48.5, 67.0), 'idwrd_urd': (46.6, 31.0), 'listcomp_eng': (44.0, 49.0), 'letterid_eng': (60.2, 64.0), 'pw_eng': (21.2, 26.0), 'idnummag': (23.1, 18.0), 'numrep': (87.1, 89.0), 'blfluency': (37.7, 64.0), 'bleffcomp': (15.5, 11.0), 'wrdpblm': (40.3, 41.0), 'patterns': (97.4, 99.0)}",0.10752875,AA_731980f2-fda7-482
17,12,12,6.0,7.0,39.3,59.9,"{'listcomp_urd': 78.3, 'letterid_urd': 1.3, 'orf_urd': -196.1, 'rdcomp_urd': -3.3, 'listcomp_eng': 52.8, 'letterid_eng': -4.3, 'pw_eng': 0.9, 'idnummag': 0.0, 'numrep': -6.4, 'bleffcomp': -79.9, 'wrdpblm': 4.3, 'patterns': -44.1}","{'listcomp_urd': (29.2, 121.0), 'letterid_urd': (71.4, 80.0), 'orf_urd': (395.0, 213.0), 'rdcomp_urd': (46.9, 54.0), 'listcomp_eng': (38.2, 99.0), 'letterid_eng': (70.0, 73.0), 'pw_eng': (160.9, 207.0), 'idnummag': (74.8, 96.0), 'numrep': (44.6, 67.0), 'bleffcomp': (104.5, 39.0), 'wrdpblm': (33.7, 87.0), 'patterns': (101.5, 70.0)}",0.144585,AA_7383689c-5655-418
13,6,5,1.0,1.0,39.6,51.3,"{'listcomp_urd': 128.3, 'letterid_urd': -22.7, 'letterid_eng': 0.0, 'pw_eng': 29.1, 'idwrd_eng': -18.1}","{'listcomp_urd': (66.5, 223.0), 'letterid_urd': (58.3, 77.0), 'letterid_eng': (79.5, 100.0), 'pw_eng': (19.6, 128.0), 'idwrd_eng': (135.5, 193.0)}",0.10144625,AA_75469b92-e2a1-44e
17,17,17,6.0,11.0,13.4,22.7,"{'listcomp_urd': 40.6, 'letterid_urd': 28.4, 'idwrd_urd': -2.4, 'orf_urd': 6.9, 'rdcomp_urd': 0.0, 'listcomp_eng': 46.5, 'letterid_eng': -3.4, 'pw_eng': -2.7, 'idwrd_eng': -3.8, 'orf_eng': 21.7, 'rdcomp_eng': -6.5, 'idnummag': -14.2, 'numrep': 8.2, 'blfluency': 15.8, 'bleffcomp': -15.5, 'wrdpblm': 8.0, 'patterns': -2.7}","{'listcomp_urd': (25.4, 73.0), 'letterid_urd': (61.1, 102.0), 'idwrd_urd': (28.9, 39.0), 'orf_urd': (31.0, 52.0), 'rdcomp_urd': (35.0, 44.0), 'listcomp_eng': (67.0, 122.0), 'letterid_eng': (44.8, 63.0), 'pw_eng': (50.2, 62.0), 'idwrd_eng': (40.1, 48.0), 'orf_eng': (43.3, 78.0), 'rdcomp_eng': (53.1, 63.0), 'idnummag': (68.5, 63.0), 'numrep': (86.3, 109.0), 'blfluency': (117.7, 155.0), 'bleffcomp': (19.7, 73.0), 'wrdpblm': (132.8, 150.0), 'patterns': (72.9, 60.0)}",0.15220625,AA_788dfa6a-d7ba-413
13,8,8,5.0,7.0,5.3,43.5,"{'letterid_urd': -4.3, 'idwrd_urd': 1.1, 'letterid_eng': -5.2, 'idnummag': -9.8, 'blfluency': -18.0, 'bleffcomp': 2.9, 'wrdpblm': 0.0, 'patterns': 1.4}","{'letterid_urd': (66.0, 70.0), 'idwrd_urd': (65.9, 36.0), 'letterid_eng': (201.7, 69.0), 'idnummag': (50.7, 27.0), 'blfluency': (77.2, 70.0), 'bleffcomp': (17.6, 41.0), 'wrdpblm': (56.2, 83.0), 'patterns': (11.6, 42.0)}",0.05404875,AA_7a35917e-6b9d-418
15,16,15,8.0,11.0,17.0,25.6,"{'listcomp_urd': 76.5, 'letterid_urd': -3.3, 'idwrd_urd': 8.2, 'orf_urd': 5.8, 'rdcomp_urd': -5.4, 'listcomp_eng': 48.6, 'letterid_eng': -2.1, 'pw_eng': 1.0, 'idwrd_eng': 0.0, 'idnummag': -3.3, 'numrep': 0.0, 'blfluency': 27.8, 'bleffcomp': -67.6, 'wrdpblm': -4.4, 'patterns': -0.5}","{'listcomp_urd': (50.1, 133.0), 'letterid_urd': (59.4, 65.0), 'idwrd_urd': (15.5, 33.0), 'orf_urd': (117.9, 130.0), 'rdcomp_urd': (44.3, 52.0), 'listcomp_eng': (29.0, 82.0), 'letterid_eng': (62.5, 69.0), 'pw_eng': (7.1, 23.0), 'idwrd_eng': (14.8, 27.0), 'idnummag': (31.0, 32.0), 'numrep': (113.3, 118.0), 'blfluency': (46.3, 156.0), 'bleffcomp': (61.8, 17.0), 'wrdpblm': (86.6, 89.0), 'patterns': (59.6, 66.0)}",0.103835,AA_7ad7b97a-d69d-416
17,0,0,,,,,,,,AA_7b57c360-ced9-43e
17,17,17,12.0,13.0,10.7,11.4,"{'listcomp_urd': 46.5, 'letterid_urd': -0.2, 'idwrd_urd': -0.4, 'orf_urd': 4.4, 'rdcomp_urd': -3.1, 'listcomp_eng': 39.5, 'letterid_eng': 5.0, 'pw_eng': 0.1, 'idwrd_eng': 0.0, 'orf_eng': 6.5, 'rdcomp_eng': 48.4, 'idnummag': -2.8, 'numrep': -4.1, 'blfluency': -0.3, 'bleffcomp': -17.2, 'wrdpblm': 0.8, 'patterns': -2.9}","{'listcomp_urd': (22.4, 74.0), 'letterid_urd': (58.6, 64.0), 'idwrd_urd': (37.1, 45.0), 'orf_urd': (31.0, 44.0), 'rdcomp_urd': (27.5, 30.0), 'listcomp_eng': (52.1, 98.0), 'letterid_eng': (57.0, 66.0), 'pw_eng': (4.9, 19.0), 'idwrd_eng': (43.7, 39.0), 'orf_eng': (39.6, 55.0), 'rdcomp_eng': (35.0, 88.0), 'idnummag': (67.5, 69.0), 'numrep': (89.3, 92.0), 'blfluency': (91.1, 113.0), 'bleffcomp': (61.1, 49.0), 'wrdpblm': (75.7, 81.0), 'patterns': (76.8, 78.0)}",0.0934875,AA_7e082938-042e-46a
17,17,17,8.0,13.0,17.5,23.8,"{'listcomp_urd': 59.3, 'letterid_urd': -7.6, 'idwrd_urd': 3.1, 'orf_urd': 3.8, 'rdcomp_urd': 43.7, 'listcomp_eng': 63.5, 'letterid_eng': -4.2, 'pw_eng': -7.9, 'idwrd_eng': -7.8, 'orf_eng': 3.7, 'rdcomp_eng': 0.0, 'idnummag': -6.5, 'numrep': -4.7, 'blfluency': 5.9, 'bleffcomp': -71.3, 'wrdpblm': -1.0, 'patterns': 4.3}","{'listcomp_urd': (42.8, 115.0), 'letterid_urd': (74.5, 70.0), 'idwrd_urd': (185.1, 201.0), 'orf_urd': (214.6, 205.0), 'rdcomp_urd': (36.2, 94.0), 'listcomp_eng': (31.6, 116.0), 'letterid_eng': (60.8, 76.0), 'pw_eng': (182.8, 190.0), 'idwrd_eng': (187.4, 197.0), 'orf_eng': (189.2, 207.0), 'rdcomp_eng': (27.7, 48.0), 'idnummag': (65.5, 74.0), 'numrep': (65.0, 73.0), 'blfluency': (58.3, 169.0), 'bleffcomp': (146.6, 90.0), 'wrdpblm': (146.6, 157.0), 'patterns': (81.8, 97.0)}",0.0992325,AA_7e0f11d6-0031-492
15,3,3,2.0,2.0,26.5,28.9,"{'letterid_urd': 0.0, 'idwrd_urd': -3.3, 'letterid_eng': 76.2}","{'letterid_urd': (62.8, 86.0), 'idwrd_urd': (90.0, 32.0), 'letterid_eng': (31.6, 37.0)}",0.0345825,AA_7e464fe2-5d7c-408
13,14,13,3.0,9.0,20.2,26.1,"{'listcomp_urd': 58.1, 'letterid_urd': -6.5, 'idwrd_urd': -6.5, 'listcomp_eng': 70.0, 'letterid_eng': -5.8, 'pw_eng': -5.9, 'idwrd_eng': -6.7, 'idnummag': 12.4, 'numrep': 21.0, 'blfluency': 4.6, 'bleffcomp': -64.1, 'wrdpblm': 0.5, 'patterns': 0.0}","{'listcomp_urd': (21.2, 89.0), 'letterid_urd': (68.5, 69.0), 'idwrd_urd': (184.3, 191.0), 'listcomp_eng': (33.2, 114.0), 'letterid_eng': (58.0, 73.0), 'pw_eng': (13.5, 23.0), 'idwrd_eng': (204.8, 166.0), 'idnummag': (41.6, 57.0), 'numrep': (68.3, 99.0), 'blfluency': (56.8, 143.0), 'bleffcomp': (89.7, 39.0), 'wrdpblm': (80.6, 91.0), 'patterns': (59.8, 69.0)}",0.0903775,AA_7f61eb3f-65c7-4fd
13,12,11,1.0,6.0,30.2,17.1,"{'listcomp_urd': 58.1, 'letterid_urd': -8.3, 'listcomp_eng': 77.0, 'letterid_eng': 15.2, 'pw_eng': -9.5, 'idwrd_eng': -10.5, 'idnummag': -9.5, 'numrep': 57.3, 'bleffcomp': -73.0, 'wrdpblm': 13.3, 'patterns': 0.0}","{'listcomp_urd': (82.7, 156.0), 'letterid_urd': (60.7, 69.0), 'listcomp_eng': (56.0, 149.0), 'letterid_eng': (37.7, 77.0), 'pw_eng': (20.6, 33.0), 'idwrd_eng': (38.5, 47.0), 'idnummag': (166.4, 172.0), 'numrep': (81.8, 155.0), 'bleffcomp': (135.2, 69.0), 'wrdpblm': (125.5, 155.0), 'patterns': (149.7, 166.0)}",0.0897625,AA_8013413a-f6a1-4ac
15,8,8,2.0,2.0,136.6,32.8,"{'listcomp_urd': 45.7, 'letterid_urd': 0.0, 'letterid_eng': 2.1, 'pw_eng': 18.8, 'idnummag': -154.8, 'numrep': -196.1, 'bleffcomp': -196.6, 'patterns': -478.9}","{'listcomp_urd': (48.5, 93.0), 'letterid_urd': (66.2, 65.0), 'letterid_eng': (58.7, 126.0), 'pw_eng': (57.9, 28.0), 'idnummag': (25.7, 19.0), 'numrep': (6.2, 72.0), 'bleffcomp': (12.7, 93.0), 'patterns': (17.2, 23.0)}",0.11654125,AA_8078f394-0660-4be
17,8,8,1.0,5.0,20.0,6.7,"{'listcomp_urd': 58.4, 'idwrd_urd': -14.2, 'orf_urd': -10.8, 'rdcomp_urd': -15.3, 'listcomp_eng': 39.0, 'pw_eng': -11.0, 'idnummag': 11.0, 'numrep': 0.0}","{'listcomp_urd': (25.9, 99.0), 'idwrd_urd': (63.2, 70.0), 'orf_urd': (53.8, 60.0), 'rdcomp_urd': (26.2, 27.0), 'listcomp_eng': (8.1, 69.0), 'pw_eng': (102.2, 95.0), 'idnummag': (31.2, 56.0), 'numrep': (28.0, 47.0)}",0.0793425,AA_810c50e0-1c11-44b
13,10,9,2.0,5.0,16.6,12.6,"{'listcomp_urd': 38.0, 'letterid_urd': 3.2, 'idwrd_urd': -9.4, 'listcomp_eng': 43.6, 'letterid_eng': 0.0, 'idnummag': -20.7, 'numrep': 20.4, 'wrdpblm': -7.6, 'patterns': -6.7}","{'listcomp_urd': (29.9, 76.0), 'letterid_urd': (59.2, 74.0), 'idwrd_urd': (3.5, 11.0), 'listcomp_eng': (29.4, 85.0), 'letterid_eng': (19.4, 35.0), 'idnummag': (91.1, 53.0), 'numrep': (39.3, 70.0), 'wrdpblm': (67.9, 72.0), 'patterns': (5.2, 8.0)}",0.0678525,AA_81cc4088-35cb-41b
15,13,13,6.0,9.0,12.8,21.7,"{'listcomp_urd': 30.8, 'letterid_urd': 3.5, 'idwrd_urd': -1.4, 'orf_urd': -3.5, 'listcomp_eng': 35.8, 'letterid_eng': 0.0, 'pw_eng': 0.3, 'idwrd_eng': 2.6, 'idnummag': 11.8, 'numrep': -33.0, 'bleffcomp': -30.6, 'wrdpblm': -7.0, 'patterns': -5.7}","{'listcomp_urd': (23.8, 64.0), 'letterid_urd': (61.0, 75.0), 'idwrd_urd': (22.3, 31.0), 'orf_urd': (8.9, 46.0), 'listcomp_eng': (29.3, 61.0), 'letterid_eng': (60.8, 72.0), 'pw_eng': (1.7, 27.0), 'idwrd_eng': (1.0, 35.0), 'idnummag': (50.9, 75.0), 'numrep': (82.3, 58.0), 'bleffcomp': (24.6, 5.0), 'wrdpblm': (31.4, 34.0), 'patterns': (4.0, 11.0)}",0.0870425,AA_83e92973-f500-426
15,14,14,5.0,6.0,50.6,76.0,"{'listcomp_urd': 159.8, 'letterid_urd': 116.3, 'idwrd_urd': 137.5, 'orf_urd': 19.3, 'rdcomp_urd': -111.7, 'letterid_eng': 0.0, 'pw_eng': -2.1, 'idwrd_eng': -39.3, 'idnummag': -72.0, 'numrep': -10.4, 'blfluency': 2.1, 'bleffcomp': 36.1, 'wrdpblm': -1.0, 'patterns': -1.4}","{'listcomp_urd': (50.8, 76.0), 'letterid_urd': (57.3, 65.0), 'idwrd_urd': (22.6, 175.0), 'orf_urd': (18.5, 159.0), 'rdcomp_urd': (40.9, 39.0), 'letterid_eng': (61.9, 70.0), 'pw_eng': (37.0, 85.0), 'idwrd_eng': (25.4, 167.0), 'idnummag': (110.5, 49.0), 'numrep': (76.5, 83.0), 'blfluency': (170.0, 136.0), 'bleffcomp': (49.9, 87.0), 'wrdpblm': (119.5, 120.0), 'patterns': (148.7, 119.0)}",0.13432375,AA_86da0dbc-4ece-4ee
13,14,13,5.0,10.0,16.9,69.6,"{'listcomp_urd': 44.2, 'letterid_urd': 1.4, 'idwrd_urd': 2.7, 'listcomp_eng': 58.4, 'letterid_eng': -2.6, 'pw_eng': 2.4, 'idwrd_eng': 0.0, 'idnummag': -6.5, 'numrep': -7.5, 'blfluency': 8.2, 'bleffcomp': -74.1, 'wrdpblm': -6.2, 'patterns': -5.8}","{'listcomp_urd': (41.2, 91.0), 'letterid_urd': (60.0, 345.0), 'idwrd_urd': (22.4, 40.0), 'listcomp_eng': (41.3, 108.0), 'letterid_eng': (59.2, 71.0), 'pw_eng': (20.2, 29.0), 'idwrd_eng': (12.1, 23.0), 'idnummag': (85.1, 90.0), 'numrep': (90.8, 92.0), 'blfluency': (44.6, 128.0), 'bleffcomp': (101.3, 36.0), 'wrdpblm': (80.0, 83.0), 'patterns': (77.2, 80.0)}",0.09628875,AA_87731df7-f734-4ff
13,12,12,7.0,9.0,83.0,24.8,"{'listcomp_urd': 813.2, 'letterid_urd': -3.3, 'idwrd_urd': 4.7, 'listcomp_eng': 67.9, 'letterid_eng': -9.3, 'pw_eng': 3.9, 'idwrd_eng': 0.0, 'idnummag': -3.4, 'numrep': 12.9, 'bleffcomp': -74.9, 'wrdpblm': -1.3, 'patterns': -1.6}","{'listcomp_urd': (39.2, 866.0), 'letterid_urd': (56.3, 64.0), 'idwrd_urd': (71.5, 50.0), 'listcomp_eng': (17.7, 95.0), 'letterid_eng': (20.0, 72.0), 'pw_eng': (29.8, 42.0), 'idwrd_eng': (64.4, 34.0), 'idnummag': (85.9, 81.0), 'numrep': (67.4, 93.0), 'bleffcomp': (77.6, 12.0), 'wrdpblm': (33.1, 37.0), 'patterns': (60.7, 69.0)}",0.093475,AA_89cb8f1a-69e3-424
15,14,14,8.0,9.0,18.9,22.9,"{'listcomp_urd': 75.8, 'letterid_urd': 0.3, 'idwrd_urd': 0.0, 'orf_urd': 4.0, 'rdcomp_urd': -0.8, 'listcomp_eng': -0.8, 'letterid_eng': 3.9, 'idwrd_eng': -42.5, 'idnummag': -29.1, 'numrep': 21.0, 'blfluency': 6.5, 'bleffcomp': -76.2, 'wrdpblm': -3.6, 'patterns': -0.7}","{'listcomp_urd': (40.8, 122.0), 'letterid_urd': (64.3, 68.0), 'idwrd_urd': (118.5, 126.0), 'orf_urd': (77.2, 90.0), 'rdcomp_urd': (23.9, 29.0), 'listcomp_eng': (66.2, 71.0), 'letterid_eng': (62.8, 72.0), 'idwrd_eng': (14.5, 31.0), 'idnummag': (72.0, 28.0), 'numrep': (94.0, 114.0), 'blfluency': (44.2, 132.0), 'bleffcomp': (131.3, 63.0), 'wrdpblm': (78.7, 78.0), 'patterns': (69.5, 66.0)}",0.11523625,AA_8c934dfb-1a72-492
17,11,11,6.0,9.0,28.1,110.8,"{'listcomp_urd': 245.9, 'letterid_urd': 4.1, 'idwrd_urd': 5.0, 'orf_urd': 0.0, 'rdcomp_urd': -7.9, 'listcomp_eng': -4.9, 'letterid_eng': -6.8, 'idnummag': 17.8, 'numrep': 9.6, 'wrdpblm': -3.1, 'patterns': -4.1}","{'listcomp_urd': (20.0, 273.0), 'letterid_urd': (61.3, 74.0), 'idwrd_urd': (117.9, 130.0), 'orf_urd': (123.5, 141.0), 'rdcomp_urd': (40.9, 38.0), 'listcomp_eng': (42.5, 44.0), 'letterid_eng': (476.0, 75.0), 'idnummag': (26.8, 39.0), 'numrep': (75.2, 49.0), 'wrdpblm': (27.9, 31.0), 'patterns': (24.9, 25.0)}",0.12722375,AA_8d152f25-5b3e-4b3
15,16,15,7.0,12.0,13.3,23.1,"{'listcomp_urd': 74.6, 'letterid_urd': -2.8, 'idwrd_urd': 0.5, 'orf_urd': 29.3, 'rdcomp_urd': 0.0, 'listcomp_eng': 40.6, 'letterid_eng': -5.4, 'pw_eng': -4.9, 'idwrd_eng': -5.6, 'idnummag': -14.6, 'numrep': 2.9, 'blfluency': 7.4, 'bleffcomp': 4.3, 'wrdpblm': -5.6, 'patterns': -1.2}","{'listcomp_urd': (37.6, 122.0), 'letterid_urd': (61.9, 69.0), 'idwrd_urd': (66.2, 79.0), 'orf_urd': (56.5, 100.0), 'rdcomp_urd': (41.2, 53.0), 'listcomp_eng': (73.4, 126.0), 'letterid_eng': (66.6, 69.0), 'pw_eng': (13.2, 22.0), 'idwrd_eng': (187.4, 189.0), 'idnummag': (117.0, 113.0), 'numrep': (147.9, 161.0), 'blfluency': (140.3, 226.0), 'bleffcomp': (92.8, 109.0), 'wrdpblm': (98.5, 103.0), 'patterns': (93.0, 102.0)}",0.09163125,AA_8e03896a-2912-496
15,14,14,4.0,10.0,14.2,31.0,"{'listcomp_urd': 38.1, 'letterid_urd': 2.9, 'idwrd_urd': 7.7, 'orf_urd': -4.1, 'rdcomp_urd': -8.1, 'listcomp_eng': 57.0, 'letterid_eng': 0.0, 'idwrd_eng': -6.2, 'idnummag': -15.9, 'numrep': -6.9, 'blfluency': 0.0, 'bleffcomp': 38.2, 'wrdpblm': -8.1, 'patterns': -6.1}","{'listcomp_urd': (69.4, 127.0), 'letterid_urd': (58.9, 82.0), 'idwrd_urd': (74.2, 99.0), 'orf_urd': (61.7, 88.0), 'rdcomp_urd': (34.3, 42.0), 'listcomp_eng': (56.3, 131.0), 'letterid_eng': (52.3, 77.0), 'idwrd_eng': (5.6, 73.0), 'idnummag': (75.4, 81.0), 'numrep': (107.3, 115.0), 'blfluency': (48.3, 68.0), 'bleffcomp': (64.2, 119.0), 'wrdpblm': (72.3, 80.0), 'patterns': (93.2, 112.0)}",0.09362125,AA_8e29defb-2c2e-496
17,17,17,11.0,14.0,13.0,19.0,"{'listcomp_urd': 55.7, 'letterid_urd': -1.9, 'idwrd_urd': -2.0, 'orf_urd': 11.7, 'rdcomp_urd': 3.6, 'listcomp_eng': 45.6, 'letterid_eng': -1.2, 'pw_eng': 1.6, 'idwrd_eng': -0.6, 'orf_eng': 5.5, 'rdcomp_eng': 0.0, 'idnummag': -3.0, 'numrep': 15.0, 'blfluency': 0.9, 'bleffcomp': -67.4, 'wrdpblm': -1.9, 'patterns': -3.1}","{'listcomp_urd': (18.1, 80.0), 'letterid_urd': (56.0, 65.0), 'idwrd_urd': (30.5, 37.0), 'orf_urd': (28.3, 49.0), 'rdcomp_urd': (22.8, 30.0), 'listcomp_eng': (25.0, 77.0), 'letterid_eng': (49.7, 58.0), 'pw_eng': (56.0, 64.0), 'idwrd_eng': (39.8, 48.0), 'orf_eng': (47.3, 61.0), 'rdcomp_eng': (28.7, 35.0), 'idnummag': (67.2, 55.0), 'numrep': (64.1, 86.0), 'blfluency': (55.4, 133.0), 'bleffcomp': (105.8, 45.0), 'wrdpblm': (64.8, 66.0), 'patterns': (52.3, 55.0)}",0.07819375,AA_91ecf22b-d335-4de
15,16,15,6.0,10.0,22.1,14.6,"{'listcomp_urd': 60.3, 'letterid_urd': 0.0, 'idwrd_urd': -10.4, 'orf_urd': -7.0, 'rdcomp_urd': -3.9, 'listcomp_eng': 122.0, 'letterid_eng': 5.7, 'pw_eng': 4.3, 'idwrd_eng': -15.4, 'idnummag': -41.2, 'numrep': 45.2, 'blfluency': -0.6, 'bleffcomp': 0.6, 'wrdpblm': 11.0, 'patterns': -3.3}","{'listcomp_urd': (79.1, 137.0), 'letterid_urd': (56.0, 73.0), 'idwrd_urd': (72.3, 82.0), 'orf_urd': (77.6, 94.0), 'rdcomp_urd': (28.4, 37.0), 'listcomp_eng': (57.7, 193.0), 'letterid_eng': (59.8, 78.0), 'pw_eng': (5.8, 29.0), 'idwrd_eng': (20.3, 22.0), 'idnummag': (183.0, 156.0), 'numrep': (91.6, 150.0), 'blfluency': (49.1, 65.0), 'bleffcomp': (52.4, 67.0), 'wrdpblm': (111.8, 133.0), 'patterns': (82.8, 90.0)}",0.1194125,AA_92bdf696-3742-41e
17,17,17,8.0,14.0,12.8,19.5,"{'listcomp_urd': 62.1, 'letterid_urd': -1.4, 'idwrd_urd': 0.0, 'orf_urd': 0.1, 'rdcomp_urd': -7.2, 'listcomp_eng': -5.1, 'letterid_eng': -1.8, 'pw_eng': -1.9, 'idwrd_eng': 0.8, 'orf_eng': 1.4, 'rdcomp_eng': -5.7, 'idnummag': 26.9, 'numrep': 14.3, 'blfluency': 8.8, 'bleffcomp': -68.0, 'wrdpblm': -3.9, 'patterns': 7.5}","{'listcomp_urd': (27.3, 95.0), 'letterid_urd': (69.2, 76.0), 'idwrd_urd': (35.2, 43.0), 'orf_urd': (22.2, 47.0), 'rdcomp_urd': (36.2, 35.0), 'listcomp_eng': (66.9, 66.0), 'letterid_eng': (58.0, 66.0), 'pw_eng': (8.2, 11.0), 'idwrd_eng': (38.1, 47.0), 'orf_eng': (56.2, 66.0), 'rdcomp_eng': (57.0, 51.0), 'idnummag': (47.0, 72.0), 'numrep': (36.1, 54.0), 'blfluency': (53.1, 140.0), 'bleffcomp': (85.4, 45.0), 'wrdpblm': (35.4, 38.0), 'patterns': (45.2, 66.0)}",0.09981125,AA_93ae4640-bf92-45b
17,16,16,5.0,11.0,19.9,15.8,"{'listcomp_urd': 63.5, 'letterid_urd': -4.5, 'idwrd_urd': -8.8, 'orf_urd': 8.3, 'rdcomp_urd': -4.4, 'listcomp_eng': 75.8, 'letterid_eng': 1.3, 'pw_eng': -1.6, 'idwrd_eng': 7.2, 'orf_eng': 0.0, 'rdcomp_eng': -13.5, 'idnummag': -10.3, 'numrep': -5.1, 'bleffcomp': -69.6, 'wrdpblm': 24.3, 'patterns': 20.1}","{'listcomp_urd': (40.6, 117.0), 'letterid_urd': (62.5, 69.0), 'idwrd_urd': (185.7, 192.0), 'orf_urd': (195.2, 221.0), 'rdcomp_urd': (45.2, 53.0), 'listcomp_eng': (46.3, 231.0), 'letterid_eng': (65.0, 82.0), 'pw_eng': (34.1, 50.0), 'idwrd_eng': (183.7, 205.0), 'orf_eng': (181.0, 199.0), 'rdcomp_eng': (53.1, 55.0), 'idnummag': (72.7, 78.0), 'numrep': (123.8, 133.0), 'bleffcomp': (32.4, 66.0), 'wrdpblm': (117.4, 153.0), 'patterns': (111.2, 152.0)}",0.09424375,AA_94917b5c-07a6-4c5
13,13,12,7.0,9.0,12.5,8.1,"{'listcomp_urd': 32.9, 'letterid_urd': -1.1, 'idwrd_urd': 0.0, 'listcomp_eng': 13.9, 'letterid_eng': -1.3, 'pw_eng': -1.8, 'idwrd_eng': -3.1, 'idnummag': -5.0, 'numrep': 0.3, 'bleffcomp': -62.9, 'wrdpblm': 22.4, 'patterns': 5.6}","{'listcomp_urd': (47.6, 87.0), 'letterid_urd': (55.6, 64.0), 'idwrd_urd': (56.5, 37.0), 'listcomp_eng': (50.5, 71.0), 'letterid_eng': (59.8, 67.0), 'pw_eng': (24.0, 27.0), 'idwrd_eng': (30.4, 28.0), 'idnummag': (99.2, 104.0), 'numrep': (97.4, 68.0), 'bleffcomp': (56.5, 85.0), 'wrdpblm': (0.4, 35.0), 'patterns': (76.9, 91.0)}",0.074085,AA_955704af-dbd7-423
17,17,17,7.0,12.0,10.0,12.1,"{'listcomp_urd': 19.0, 'letterid_urd': -0.0, 'idwrd_urd': 5.4, 'orf_urd': 0.0, 'rdcomp_urd': -6.7, 'listcomp_eng': 39.9, 'letterid_eng': -0.5, 'pw_eng': -0.7, 'idwrd_eng': 1.6, 'orf_eng': 5.8, 'rdcomp_eng': -6.0, 'idnummag': -15.4, 'numrep': 19.5, 'blfluency': 34.9, 'bleffcomp': 5.8, 'wrdpblm': -4.8, 'patterns': -3.3}","{'listcomp_urd': (33.4, 57.0), 'letterid_urd': (62.6, 65.0), 'idwrd_urd': (35.8, 47.0), 'orf_urd': (28.7, 36.0), 'rdcomp_urd': (25.7, 23.0), 'listcomp_eng': (41.8, 88.0), 'letterid_eng': (44.2, 49.0), 'pw_eng': (65.1, 70.0), 'idwrd_eng': (48.6, 56.0), 'orf_eng': (48.4, 61.0), 'rdcomp_eng': (36.8, 37.0), 'idnummag': (49.8, 15.0), 'numrep': (54.0, 52.0), 'blfluency': (52.9, 99.0), 'bleffcomp': (6.1, 27.0), 'wrdpblm': (32.9, 38.0), 'patterns': (65.0, 65.0)}",0.0772775,AA_977bf4d2-d71d-42b
17,17,17,9.0,14.0,13.6,16.8,"{'listcomp_urd': 47.9, 'letterid_urd': -0.5, 'idwrd_urd': -5.0, 'orf_urd': 0.0, 'rdcomp_urd': 4.7, 'listcomp_eng': 59.1, 'letterid_eng': -4.1, 'pw_eng': -4.3, 'idwrd_eng': -6.8, 'orf_eng': 5.6, 'rdcomp_eng': 1.6, 'idnummag': -6.6, 'numrep': 0.6, 'blfluency': 5.4, 'bleffcomp': -68.6, 'wrdpblm': 8.2, 'patterns': -2.3}","{'listcomp_urd': (43.6, 99.0), 'letterid_urd': (60.3, 65.0), 'idwrd_urd': (67.2, 72.0), 'orf_urd': (53.2, 63.0), 'rdcomp_urd': (34.2, 50.0), 'listcomp_eng': (70.7, 138.0), 'letterid_eng': (54.3, 60.0), 'pw_eng': (71.8, 76.0), 'idwrd_eng': (56.8, 60.0), 'orf_eng': (50.8, 66.0), 'rdcomp_eng': (42.1, 57.0), 'idnummag': (44.0, 48.0), 'numrep': (95.0, 108.0), 'blfluency': (55.0, 142.0), 'bleffcomp': (154.3, 93.0), 'wrdpblm': (95.6, 111.0), 'patterns': (78.9, 83.0)}",0.096715,AA_98d3878d-7611-485
15,13,13,6.0,9.0,17.6,17.6,"{'listcomp_urd': 53.0, 'letterid_urd': -5.7, 'idwrd_urd': -3.3, 'orf_urd': 3.8, 'rdcomp_urd': -1.0, 'listcomp_eng': 64.7, 'letterid_eng': -4.1, 'idwrd_eng': 6.7, 'idnummag': 26.9, 'numrep': 0.0, 'bleffcomp': -47.1, 'wrdpblm': 11.2, 'patterns': -1.6}","{'listcomp_urd': (25.3, 81.0), 'letterid_urd': (104.8, 97.0), 'idwrd_urd': (39.5, 47.0), 'orf_urd': (17.9, 60.0), 'rdcomp_urd': (24.3, 25.0), 'listcomp_eng': (25.8, 90.0), 'letterid_eng': (55.1, 78.0), 'idwrd_eng': (13.3, 21.0), 'idnummag': (56.6, 85.0), 'numrep': (77.5, 75.0), 'bleffcomp': (84.7, 28.0), 'wrdpblm': (27.2, 47.0), 'patterns': (54.1, 57.0)}",0.064415,AA_99ab36ed-ed68-4e9
17,17,17,4.0,11.0,15.8,17.4,"{'listcomp_urd': 22.5, 'letterid_urd': -15.0, 'idwrd_urd': -18.1, 'orf_urd': 10.3, 'rdcomp_urd': -9.0, 'listcomp_eng': 67.3, 'letterid_eng': -15.9, 'pw_eng': -14.7, 'idwrd_eng': -14.8, 'orf_eng': 20.0, 'rdcomp_eng': 1.2, 'idnummag': -14.1, 'numrep': 8.5, 'blfluency': 3.9, 'bleffcomp': 30.8, 'wrdpblm': -3.1, 'patterns': 0.0}","{'listcomp_urd': (28.2, 63.0), 'letterid_urd': (57.6, 72.0), 'idwrd_urd': (35.9, 44.0), 'orf_urd': (26.6, 65.0), 'rdcomp_urd': (30.7, 38.0), 'listcomp_eng': (43.8, 131.0), 'letterid_eng': (59.9, 70.0), 'pw_eng': (41.3, 50.0), 'idwrd_eng': (32.6, 42.0), 'orf_eng': (31.3, 74.0), 'rdcomp_eng': (50.1, 72.0), 'idnummag': (49.1, 59.0), 'numrep': (47.7, 74.0), 'blfluency': (147.6, 140.0), 'bleffcomp': (19.5, 67.0), 'wrdpblm': (80.2, 96.0), 'patterns': (68.7, 89.0)}",0.1062675,AA_9d92617a-c53f-43e
17,16,16,8.0,10.0,17.3,16.7,"{'listcomp_urd': 15.8, 'letterid_urd': 28.6, 'idwrd_urd': -2.3, 'orf_urd': 5.5, 'rdcomp_urd': -1.3, 'listcomp_eng': 76.4, 'letterid_eng': -0.2, 'pw_eng': 1.7, 'idwrd_eng': -0.6, 'orf_eng': 7.0, 'rdcomp_eng': -4.0, 'idnummag': -0.5, 'numrep': 30.5, 'bleffcomp': -40.7, 'wrdpblm': -62.2, 'patterns': 0.0}","{'listcomp_urd': (67.4, 86.0), 'letterid_urd': (46.5, 97.0), 'idwrd_urd': (41.1, 45.0), 'orf_urd': (39.0, 46.0), 'rdcomp_urd': (41.4, 54.0), 'listcomp_eng': (40.5, 128.0), 'letterid_eng': (53.3, 62.0), 'pw_eng': (30.1, 43.0), 'idwrd_eng': (45.7, 50.0), 'orf_eng': (36.4, 66.0), 'rdcomp_eng': (46.6, 51.0), 'idnummag': (115.1, 95.0), 'numrep': (105.9, 141.0), 'bleffcomp': (18.1, 49.0), 'wrdpblm': (179.0, 122.0), 'patterns': (82.3, 112.0)}",0.11012875,AA_9f532c2d-d760-4fa
17,17,17,11.0,14.0,17.0,22.8,"{'listcomp_urd': 109.1, 'letterid_urd': 5.0, 'idwrd_urd': -3.0, 'orf_urd': 0.0, 'rdcomp_urd': 0.9, 'listcomp_eng': 54.2, 'letterid_eng': -0.6, 'pw_eng': -2.5, 'idwrd_eng': -0.0, 'orf_eng': 1.9, 'rdcomp_eng': 7.3, 'idnummag': -5.0, 'numrep': -2.2, 'blfluency': -4.7, 'bleffcomp': -71.5, 'wrdpblm': 7.3, 'patterns': 13.8}","{'listcomp_urd': (23.5, 144.0), 'letterid_urd': (61.0, 82.0), 'idwrd_urd': (32.2, 46.0), 'orf_urd': (32.9, 48.0), 'rdcomp_urd': (30.2, 42.0), 'listcomp_eng': (25.0, 92.0), 'letterid_eng': (55.1, 69.0), 'pw_eng': (45.6, 59.0), 'idwrd_eng': (34.3, 49.0), 'orf_eng': (36.5, 54.0), 'rdcomp_eng': (24.9, 46.0), 'idnummag': (89.3, 96.0), 'numrep': (81.5, 91.0), 'blfluency': (56.8, 130.0), 'bleffcomp': (156.5, 95.0), 'wrdpblm': (91.1, 110.0), 'patterns': (69.9, 95.0)}",0.09753,AA_9fd3b07d-cb1e-42b
17,16,16,6.0,11.0,15.1,25.6,"{'listcomp_urd': -23.2, 'letterid_urd': 10.5, 'idwrd_urd': 1.6, 'orf_urd': 0.0, 'rdcomp_urd': -7.8, 'listcomp_eng': 48.0, 'letterid_eng': -5.9, 'pw_eng': 53.6, 'idwrd_eng': -0.9, 'orf_eng': 41.5, 'rdcomp_eng': -8.1, 'idnummag': -12.3, 'numrep': 3.6, 'blfluency': 19.6, 'wrdpblm': -3.7, 'patterns': -1.3}","{'listcomp_urd': (24.5, 7.0), 'letterid_urd': (11.8, 64.0), 'idwrd_urd': (45.8, 57.0), 'orf_urd': (41.3, 51.0), 'rdcomp_urd': (30.4, 29.0), 'listcomp_eng': (44.6, 101.0), 'letterid_eng': (53.3, 59.0), 'pw_eng': (96.1, 151.0), 'idwrd_eng': (138.8, 139.0), 'orf_eng': (52.7, 103.0), 'rdcomp_eng': (53.2, 49.0), 'idnummag': (62.8, 47.0), 'numrep': (63.6, 74.0), 'blfluency': (104.0, 125.0), 'wrdpblm': (83.7, 101.0), 'patterns': (65.9, 65.0)}",0.112775,AA_a17b3477-e1fc-411
17,14,14,3.0,6.0,22.5,22.4,"{'listcomp_urd': 50.5, 'letterid_urd': 44.5, 'orf_urd': -2.2, 'listcomp_eng': 34.7, 'letterid_eng': -11.6, 'pw_eng': 11.7, 'idwrd_eng': 0.0, 'orf_eng': 23.9, 'idnummag': -62.9, 'numrep': -22.8, 'blfluency': 0.2, 'bleffcomp': -18.6, 'wrdpblm': -24.6, 'patterns': -6.6}","{'listcomp_urd': (20.7, 73.0), 'letterid_urd': (53.6, 68.0), 'orf_urd': (13.7, 31.0), 'listcomp_eng': (38.7, 95.0), 'letterid_eng': (61.8, 59.0), 'pw_eng': (17.0, 25.0), 'idwrd_eng': (42.5, 57.0), 'orf_eng': (19.9, 59.0), 'idnummag': (68.3, 35.0), 'numrep': (51.7, 48.0), 'blfluency': (49.0, 110.0), 'bleffcomp': (27.8, 52.0), 'wrdpblm': (70.5, 75.0), 'patterns': (91.3, 57.0)}",0.10852625,AA_a2bda34a-2d3a-439
15,12,12,7.0,9.0,14.6,53.6,"{'listcomp_urd': 29.6, 'letterid_urd': -1.2, 'idwrd_urd': -1.5, 'orf_urd': 0.0, 'rdcomp_urd': -3.1, 'letterid_eng': -2.5, 'pw_eng': -3.3, 'numrep': 14.7, 'blfluency': 0.6, 'bleffcomp': -81.6, 'wrdpblm': 12.3, 'patterns': 24.3}","{'listcomp_urd': (21.4, 57.0), 'letterid_urd': (59.5, 65.0), 'idwrd_urd': (44.2, 51.0), 'orf_urd': (46.8, 59.0), 'rdcomp_urd': (19.4, 23.0), 'letterid_eng': (50.9, 56.0), 'pw_eng': (220.6, 15.0), 'numrep': (42.7, 64.0), 'blfluency': (60.6, 147.0), 'bleffcomp': (107.1, 34.0), 'wrdpblm': (0.8, 33.0), 'patterns': (15.1, 63.0)}",0.0813525,AA_a37dfa4b-5be9-4b9
17,17,17,11.0,13.0,15.8,23.5,"{'listcomp_urd': 41.8, 'letterid_urd': 4.4, 'idwrd_urd': -1.9, 'orf_urd': 10.3, 'rdcomp_urd': 1.4, 'listcomp_eng': 47.1, 'letterid_eng': -1.1, 'pw_eng': 0.0, 'idwrd_eng': 1.0, 'orf_eng': 6.0, 'rdcomp_eng': -0.6, 'idnummag': -47.3, 'numrep': -0.5, 'blfluency': 2.3, 'bleffcomp': -98.8, 'wrdpblm': -2.0, 'patterns': -2.3}","{'listcomp_urd': (30.5, 78.0), 'letterid_urd': (64.2, 73.0), 'idwrd_urd': (56.6, 68.0), 'orf_urd': (52.9, 73.0), 'rdcomp_urd': (33.2, 40.0), 'listcomp_eng': (34.7, 90.0), 'letterid_eng': (61.1, 66.0), 'pw_eng': (56.9, 71.0), 'idwrd_eng': (45.8, 56.0), 'orf_eng': (55.0, 70.0), 'rdcomp_eng': (30.5, 38.0), 'idnummag': (95.9, 51.0), 'numrep': (85.2, 91.0), 'blfluency': (29.7, 133.0), 'bleffcomp': (143.0, 51.0), 'wrdpblm': (73.3, 78.0), 'patterns': (68.0, 76.0)}",0.10789,AA_a5440eb3-5034-413
17,16,16,11.0,13.0,15.8,12.9,"{'listcomp_urd': 140.0, 'letterid_urd': -4.1, 'idwrd_urd': 3.3, 'orf_urd': -1.1, 'rdcomp_urd': -3.0, 'listcomp_eng': 50.1, 'letterid_eng': 0.0, 'idwrd_eng': -18.6, 'orf_eng': 4.0, 'rdcomp_eng': -1.9, 'idnummag': 4.7, 'numrep': 9.5, 'blfluency': 1.4, 'bleffcomp': -8.1, 'wrdpblm': -2.5, 'patterns': -1.0}","{'listcomp_urd': (21.6, 169.0), 'letterid_urd': (60.9, 63.0), 'idwrd_urd': (37.8, 48.0), 'orf_urd': (27.1, 34.0), 'rdcomp_urd': (29.8, 36.0), 'listcomp_eng': (24.2, 80.0), 'letterid_eng': (64.3, 69.0), 'idwrd_eng': (53.1, 42.0), 'orf_eng': (59.8, 78.0), 'rdcomp_eng': (43.3, 47.0), 'idnummag': (48.2, 55.0), 'numrep': (58.0, 80.0), 'blfluency': (82.0, 119.0), 'bleffcomp': (73.6, 72.0), 'wrdpblm': (83.4, 87.0), 'patterns': (62.4, 65.0)}",0.11897375,AA_a81b627e-e833-453
13,12,12,3.0,10.0,9.7,22.3,"{'listcomp_urd': 24.2, 'letterid_urd': -5.7, 'idwrd_urd': -8.1, 'listcomp_eng': 30.3, 'letterid_eng': -7.9, 'pw_eng': 12.4, 'idnummag': -6.2, 'numrep': -8.9, 'blfluency': 2.2, 'bleffcomp': 0.0, 'wrdpblm': 6.2, 'patterns': -4.4}","{'listcomp_urd': (21.0, 59.0), 'letterid_urd': (59.2, 70.0), 'idwrd_urd': (47.5, 38.0), 'listcomp_eng': (30.3, 71.0), 'letterid_eng': (59.4, 70.0), 'pw_eng': (92.0, 36.0), 'idnummag': (46.4, 56.0), 'numrep': (71.2, 90.0), 'blfluency': (41.2, 66.0), 'bleffcomp': (0.6, 98.0), 'wrdpblm': (8.6, 37.0), 'patterns': (102.2, 115.0)}",0.073315,AA_a8b75240-0f0f-44f
15,13,13,7.0,9.0,12.5,10.7,"{'listcomp_urd': 18.5, 'letterid_urd': 2.7, 'idwrd_urd': -3.7, 'rdcomp_urd': -4.4, 'listcomp_eng': 70.8, 'letterid_eng': -3.5, 'pw_eng': -7.0, 'idwrd_eng': 16.1, 'idnummag': -4.7, 'numrep': 9.3, 'blfluency': 20.2, 'wrdpblm': 0.0, 'patterns': -2.0}","{'listcomp_urd': (47.3, 77.0), 'letterid_urd': (50.5, 66.0), 'idwrd_urd': (0.8, 20.0), 'rdcomp_urd': (15.8, 24.0), 'listcomp_eng': (28.0, 109.0), 'letterid_eng': (59.0, 67.0), 'pw_eng': (20.1, 17.0), 'idwrd_eng': (23.6, 39.0), 'idnummag': (66.2, 54.0), 'numrep': (43.8, 61.0), 'blfluency': (61.9, 65.0), 'wrdpblm': (58.1, 70.0), 'patterns': (19.9, 26.0)}",0.08689625,AA_a8eef4b9-ab7b-48d
13,10,10,5.0,7.0,15.0,15.1,"{'listcomp_urd': -5.0, 'idwrd_urd': -68.4, 'listcomp_eng': 33.9, 'letterid_eng': 2.5, 'idnummag': -22.7, 'numrep': -6.0, 'blfluency': 6.9, 'bleffcomp': 3.2, 'wrdpblm': -1.0, 'patterns': 0.0}","{'listcomp_urd': (40.1, 37.0), 'idwrd_urd': (50.0, 31.0), 'listcomp_eng': (22.0, 69.0), 'letterid_eng': (8.2, 27.0), 'idnummag': (73.9, 60.0), 'numrep': (79.0, 76.0), 'blfluency': (37.5, 45.0), 'bleffcomp': (40.7, 45.0), 'wrdpblm': (107.7, 111.0), 'patterns': (60.6, 63.0)}",0.09141,AA_a8f57a8e-c029-4c9
17,11,11,3.0,8.0,16.7,47.4,"{'listcomp_urd': 43.2, 'letterid_urd': -5.3, 'idwrd_urd': -1.0, 'orf_urd': 1.0, 'rdcomp_urd': -12.4, 'listcomp_eng': 66.6, 'letterid_eng': -7.7, 'pw_eng': 0.0, 'idwrd_eng': 13.1, 'orf_eng': 27.6, 'rdcomp_eng': -5.8}","{'listcomp_urd': (31.9, 93.0), 'letterid_urd': (5.9, 69.0), 'idwrd_urd': (50.7, 84.0), 'orf_urd': (79.3, 98.0), 'rdcomp_urd': (33.4, 36.0), 'listcomp_eng': (40.4, 126.0), 'letterid_eng': (62.8, 74.0), 'pw_eng': (44.8, 52.0), 'idwrd_eng': (61.9, 98.0), 'orf_eng': (24.6, 187.0), 'rdcomp_eng': (43.9, 58.0)}",0.0808125,AA_a8f5a4cb-8b11-426
15,11,10,4.0,7.0,26.1,41.0,"{'listcomp_urd': 20.8, 'idwrd_urd': -112.6, 'orf_urd': 0.0, 'letterid_eng': -0.5, 'pw_eng': -9.1, 'idwrd_eng': -1.9, 'idnummag': -4.4, 'blfluency': 12.0, 'wrdpblm': 91.2, 'patterns': 9.0}","{'listcomp_urd': (18.7, 54.0), 'idwrd_urd': (284.4, 190.0), 'orf_urd': (191.6, 204.0), 'letterid_eng': (59.9, 78.0), 'pw_eng': (188.3, 198.0), 'idwrd_eng': (144.4, 199.0), 'idnummag': (114.9, 95.0), 'blfluency': (34.4, 91.0), 'wrdpblm': (23.8, 131.0), 'patterns': (68.6, 118.0)}",0.11896,AA_a9c5ede9-f374-4d5
13,11,11,3.0,5.0,16.6,22.0,"{'listcomp_urd': 33.3, 'letterid_urd': 5.8, 'listcomp_eng': 39.3, 'letterid_eng': 18.4, 'pw_eng': 12.2, 'idwrd_eng': -21.1, 'idnummag': -24.8, 'numrep': -1.0, 'bleffcomp': -24.0, 'wrdpblm': 0.0, 'patterns': -3.2}","{'listcomp_urd': (42.4, 89.0), 'letterid_urd': (51.8, 79.0), 'listcomp_eng': (28.9, 79.0), 'letterid_eng': (51.8, 89.0), 'pw_eng': (3.5, 12.0), 'idwrd_eng': (1.0, 16.0), 'idnummag': (72.8, 60.0), 'numrep': (35.9, 54.0), 'bleffcomp': (25.5, 20.0), 'wrdpblm': (15.4, 38.0), 'patterns': (0.4, 13.0)}",0.07761375,AA_aa100754-6f80-435
17,15,15,7.0,12.0,7.9,11.2,"{'letterid_urd': -14.0, 'idwrd_urd': -12.4, 'orf_urd': 0.0, 'rdcomp_urd': -1.6, 'letterid_eng': -4.8, 'pw_eng': -5.1, 'idwrd_eng': -1.5, 'orf_eng': 6.0, 'rdcomp_eng': 21.4, 'idnummag': 0.6, 'numrep': -0.8, 'blfluency': 4.9, 'bleffcomp': 18.5, 'wrdpblm': 7.2, 'patterns': 19.4}","{'letterid_urd': (70.0, 61.0), 'idwrd_urd': (31.6, 31.0), 'orf_urd': (31.0, 50.0), 'rdcomp_urd': (26.9, 33.0), 'letterid_eng': (37.1, 45.0), 'pw_eng': (40.7, 53.0), 'idwrd_eng': (27.5, 35.0), 'orf_eng': (32.5, 51.0), 'rdcomp_eng': (30.9, 61.0), 'idnummag': (41.3, 50.0), 'numrep': (44.5, 51.0), 'blfluency': (106.3, 121.0), 'bleffcomp': (26.7, 62.0), 'wrdpblm': (65.7, 80.0), 'patterns': (15.5, 44.0)}",0.0775425,AA_aa8eabb8-8f23-448
17,17,17,6.0,14.0,11.8,14.9,"{'listcomp_urd': 44.1, 'letterid_urd': -7.5, 'idwrd_urd': 4.8, 'orf_urd': 19.0, 'rdcomp_urd': -13.2, 'listcomp_eng': 56.5, 'letterid_eng': -7.8, 'pw_eng': 0.2, 'idwrd_eng': 0.1, 'orf_eng': 1.3, 'rdcomp_eng': -8.0, 'idnummag': -12.8, 'numrep': -7.4, 'blfluency': 4.8, 'bleffcomp': 0.0, 'wrdpblm': -5.7, 'patterns': -6.6}","{'listcomp_urd': (23.9, 75.0), 'letterid_urd': (68.2, 73.0), 'idwrd_urd': (38.2, 53.0), 'orf_urd': (9.7, 44.0), 'rdcomp_urd': (59.4, 53.0), 'listcomp_eng': (37.6, 101.0), 'letterid_eng': (45.2, 52.0), 'pw_eng': (33.7, 44.0), 'idwrd_eng': (25.0, 38.0), 'orf_eng': (32.6, 46.0), 'rdcomp_eng': (45.0, 47.0), 'idnummag': (98.9, 96.0), 'numrep': (66.9, 67.0), 'blfluency': (97.1, 119.0), 'bleffcomp': (60.8, 74.0), 'wrdpblm': (58.1, 59.0), 'patterns': (67.4, 70.0)}",0.07667375,AA_aaf90938-fddb-4c4
15,14,14,7.0,10.0,17.7,22.0,"{'listcomp_urd': 54.5, 'letterid_urd': -2.5, 'idwrd_urd': -0.9, 'orf_urd': 20.9, 'rdcomp_urd': -3.4, 'listcomp_eng': 61.8, 'letterid_eng': -0.0, 'idwrd_eng': 0.0, 'idnummag': -0.9, 'numrep': 13.1, 'blfluency': 10.8, 'bleffcomp': -67.1, 'wrdpblm': -3.0, 'patterns': 9.2}","{'listcomp_urd': (28.6, 88.0), 'letterid_urd': (64.0, 65.0), 'idwrd_urd': (49.9, 56.0), 'orf_urd': (50.5, 80.0), 'rdcomp_urd': (27.2, 29.0), 'listcomp_eng': (21.1, 89.0), 'letterid_eng': (60.1, 66.0), 'idwrd_eng': (73.9, 83.0), 'idnummag': (76.0, 62.0), 'numrep': (74.9, 91.0), 'blfluency': (60.5, 141.0), 'bleffcomp': (121.2, 62.0), 'wrdpblm': (96.9, 98.0), 'patterns': (60.8, 75.0)}",0.1084775,AA_ab58d9ce-9e25-42f
15,16,15,7.0,12.0,12.5,15.1,"{'listcomp_urd': 38.4, 'letterid_urd': -4.3, 'idwrd_urd': 0.0, 'orf_urd': 0.6, 'rdcomp_urd': -5.2, 'listcomp_eng': 75.3, 'letterid_eng': -0.9, 'pw_eng': 0.5, 'idwrd_eng': -5.6, 'idnummag': -24.6, 'numrep': 13.7, 'blfluency': 0.1, 'bleffcomp': -3.7, 'wrdpblm': 10.0, 'patterns': -5.2}","{'listcomp_urd': (30.5, 81.0), 'letterid_urd': (58.2, 69.0), 'idwrd_urd': (90.8, 115.0), 'orf_urd': (93.1, 113.0), 'rdcomp_urd': (26.2, 33.0), 'listcomp_eng': (25.4, 113.0), 'letterid_eng': (59.3, 76.0), 'pw_eng': (10.6, 28.0), 'idwrd_eng': (111.8, 121.0), 'idnummag': (127.3, 89.0), 'numrep': (115.3, 144.0), 'blfluency': (58.4, 66.0), 'bleffcomp': (30.8, 33.0), 'wrdpblm': (150.6, 179.0), 'patterns': (78.5, 87.0)}",0.08785625,AA_aef46179-5917-4dd
13,15,13,8.0,10.0,26.5,13.6,"{'listcomp_urd': 173.9, 'letterid_urd': 0.0, 'idwrd_urd': 1.4, 'listcomp_eng': 97.8, 'letterid_eng': -0.2, 'pw_eng': -2.0, 'idwrd_eng': -1.5, 'idnummag': -38.4, 'numrep': 0.3, 'blfluency': 11.5, 'bleffcomp': 11.3, 'wrdpblm': -4.0, 'patterns': -1.8}","{'listcomp_urd': (36.5, 217.0), 'letterid_urd': (55.3, 77.0), 'idwrd_urd': (17.8, 29.0), 'listcomp_eng': (17.9, 147.0), 'letterid_eng': (56.7, 70.0), 'pw_eng': (15.4, 25.0), 'idwrd_eng': (15.2, 23.0), 'idnummag': (124.6, 95.0), 'numrep': (83.9, 93.0), 'blfluency': (45.8, 64.0), 'bleffcomp': (28.9, 45.0), 'wrdpblm': (33.3, 45.0), 'patterns': (109.5, 114.0)}",0.12158875,AA_b041c30a-d404-49f
15,16,15,1.0,1.0,240.3,81.9,"{'listcomp_urd': 98.6, 'letterid_urd': 48.2, 'idwrd_urd': -431.9, 'orf_urd': -467.7, 'rdcomp_urd': -611.2, 'listcomp_eng': 97.8, 'letterid_eng': -500.4, 'pw_eng': -475.6, 'idwrd_eng': -394.1, 'idnummag': 0.0, 'numrep': -317.9, 'blfluency': 45.8, 'bleffcomp': 31.7, 'wrdpblm': 41.8, 'patterns': 41.7}","{'listcomp_urd': (29.6, 90.0), 'letterid_urd': (18.7, 79.0), 'idwrd_urd': (49.0, 124.0), 'orf_urd': (32.6, 185.0), 'rdcomp_urd': (56.8, 44.0), 'listcomp_eng': (50.8, 106.0), 'letterid_eng': (28.0, 68.0), 'pw_eng': (60.0, 19.0), 'idwrd_eng': (46.7, 171.0), 'idnummag': (182.9, 71.0), 'numrep': (95.6, 79.0), 'blfluency': (68.7, 149.0), 'bleffcomp': (95.0, 151.0), 'wrdpblm': (98.7, 102.0), 'patterns': (120.4, 124.0)}",0.1646,AA_b11dfafb-fc92-462
17,17,17,4.0,13.0,16.5,25.5,"{'listcomp_urd': 50.1, 'letterid_urd': 4.8, 'idwrd_urd': 6.9, 'orf_urd': 5.2, 'rdcomp_urd': -5.5, 'listcomp_eng': 56.5, 'letterid_eng': -6.1, 'pw_eng': -3.2, 'idwrd_eng': -5.2, 'orf_eng': 13.0, 'rdcomp_eng': 0.0, 'idnummag': -4.5, 'numrep': 15.3, 'blfluency': 12.2, 'bleffcomp': -77.1, 'wrdpblm': -7.3, 'patterns': -7.0}","{'listcomp_urd': (44.4, 102.0), 'letterid_urd': (58.5, 73.0), 'idwrd_urd': (129.7, 150.0), 'orf_urd': (62.0, 82.0), 'rdcomp_urd': (58.7, 62.0), 'listcomp_eng': (66.4, 133.0), 'letterid_eng': (63.7, 71.0), 'pw_eng': (186.4, 193.0), 'idwrd_eng': (170.9, 175.0), 'orf_eng': (110.5, 150.0), 'rdcomp_eng': (43.1, 53.0), 'idnummag': (75.5, 66.0), 'numrep': (87.8, 116.0), 'blfluency': (56.4, 148.0), 'bleffcomp': (129.2, 72.0), 'wrdpblm': (122.0, 126.0), 'patterns': (69.2, 62.0)}",0.1063175,AA_b20398e6-b319-4ad
17,17,17,7.0,11.0,15.3,38.4,"{'listcomp_urd': 53.4, 'letterid_urd': 0.0, 'idwrd_urd': -7.4, 'orf_urd': 17.7, 'rdcomp_urd': -10.8, 'listcomp_eng': 40.9, 'letterid_eng': -3.9, 'pw_eng': 9.3, 'idwrd_eng': -4.1, 'orf_eng': 17.1, 'rdcomp_eng': -8.1, 'idnummag': -4.9, 'numrep': 40.4, 'blfluency': 33.6, 'bleffcomp': -2.3, 'wrdpblm': 1.3, 'patterns': -4.7}","{'listcomp_urd': (46.9, 94.0), 'letterid_urd': (78.1, 84.0), 'idwrd_urd': (58.1, 67.0), 'orf_urd': (37.3, 72.0), 'rdcomp_urd': (50.0, 50.0), 'listcomp_eng': (105.8, 155.0), 'letterid_eng': (56.2, 82.0), 'pw_eng': (61.1, 96.0), 'idwrd_eng': (32.5, 40.0), 'orf_eng': (33.5, 62.0), 'rdcomp_eng': (80.2, 75.0), 'idnummag': (83.9, 87.0), 'numrep': (41.4, 89.0), 'blfluency': (49.0, 210.0), 'bleffcomp': (164.6, 169.0), 'wrdpblm': (96.0, 104.0), 'patterns': (119.0, 121.0)}",0.12398875,AA_b2abea24-c5e2-478
17,16,16,9.0,11.0,17.0,22.0,"{'listcomp_urd': 44.4, 'letterid_urd': 0.3, 'idwrd_urd': 0.1, 'orf_urd': 0.7, 'rdcomp_urd': -4.7, 'listcomp_eng': 30.2, 'letterid_eng': -1.2, 'idwrd_eng': 0.0, 'orf_eng': 8.4, 'rdcomp_eng': -3.4, 'idnummag': -6.9, 'numrep': -2.5, 'blfluency': -3.0, 'bleffcomp': -55.1, 'wrdpblm': 25.2, 'patterns': -85.7}","{'listcomp_urd': (40.3, 90.0), 'letterid_urd': (61.1, 70.0), 'idwrd_urd': (35.7, 46.0), 'orf_urd': (30.8, 45.0), 'rdcomp_urd': (41.6, 51.0), 'listcomp_eng': (22.9, 62.0), 'letterid_eng': (57.5, 79.0), 'idwrd_eng': (34.1, 43.0), 'orf_eng': (48.4, 68.0), 'rdcomp_eng': (28.6, 34.0), 'idnummag': (55.9, 53.0), 'numrep': (61.6, 70.0), 'blfluency': (37.6, 108.0), 'bleffcomp': (72.8, 35.0), 'wrdpblm': (57.8, 90.0), 'patterns': (136.1, 61.0)}",0.06873625,AA_b47c2091-d93e-49d
13,11,11,5.0,6.0,16.0,36.8,"{'listcomp_urd': 33.4, 'letterid_urd': 18.4, 'idwrd_urd': 0.2, 'listcomp_eng': 35.9, 'letterid_eng': 0.0, 'pw_eng': -3.3, 'idnummag': -15.4, 'numrep': -6.0, 'bleffcomp': -55.7, 'wrdpblm': 2.4, 'patterns': -4.8}","{'listcomp_urd': (37.2, 77.0), 'letterid_urd': (36.4, 64.0), 'idwrd_urd': (43.6, 28.0), 'listcomp_eng': (22.7, 64.0), 'letterid_eng': (57.1, 65.0), 'pw_eng': (122.0, 26.0), 'idnummag': (58.2, 49.0), 'numrep': (116.0, 60.0), 'bleffcomp': (45.3, 14.0), 'wrdpblm': (24.8, 31.0), 'patterns': (62.1, 63.0)}",0.0878525,AA_b4c70664-f41f-4d8
13,15,13,3.0,6.0,39.6,25.0,"{'listcomp_urd': 172.6, 'letterid_urd': 14.8, 'idwrd_urd': -11.9, 'listcomp_eng': 105.3, 'letterid_eng': -1.2, 'pw_eng': 23.3, 'idwrd_eng': 54.2, 'idnummag': -73.6, 'numrep': -11.0, 'blfluency': 3.9, 'bleffcomp': 0.0, 'wrdpblm': -26.0, 'patterns': -16.9}","{'listcomp_urd': (79.3, 276.0), 'letterid_urd': (65.7, 99.0), 'idwrd_urd': (19.9, 27.0), 'listcomp_eng': (42.8, 173.0), 'letterid_eng': (75.8, 88.0), 'pw_eng': (53.1, 56.0), 'idwrd_eng': (67.4, 133.0), 'idnummag': (117.1, 65.0), 'numrep': (78.6, 90.0), 'blfluency': (30.2, 59.0), 'bleffcomp': (19.4, 26.0), 'wrdpblm': (153.2, 148.0), 'patterns': (21.2, 24.0)}",0.09987,AA_b68b3349-98b4-4c6
13,11,10,5.0,6.0,14.3,10.4,"{'listcomp_urd': 32.5, 'idwrd_urd': 1.4, 'listcomp_eng': 40.4, 'letterid_eng': 5.2, 'idwrd_eng': -25.8, 'idnummag': -33.3, 'numrep': 0.0, 'bleffcomp': -1.2, 'wrdpblm': -1.3, 'patterns': -1.6}","{'listcomp_urd': (20.4, 49.0), 'idwrd_urd': (13.9, 16.0), 'listcomp_eng': (25.9, 65.0), 'letterid_eng': (55.9, 73.0), 'idwrd_eng': (21.0, 9.0), 'idnummag': (45.8, 17.0), 'numrep': (50.3, 58.0), 'bleffcomp': (15.0, 18.0), 'wrdpblm': (69.5, 73.0), 'patterns': (55.9, 61.0)}",0.08793875,AA_b7acd1f0-8ee8-404
17,6,6,2.0,3.0,71.5,478.0,"{'orf_urd': -24.2, 'rdcomp_urd': -13.6, 'listcomp_eng': 15.7, 'idnummag': 0.0, 'numrep': 0.5, 'patterns': -374.9}","{'orf_urd': (518.0, 40.0), 'rdcomp_urd': (38.6, 43.0), 'listcomp_eng': (27.9, 63.0), 'idnummag': (5.9, 59.0), 'numrep': (21.1, 53.0), 'patterns': (3.3, 22.0)}",0.1394375,AA_b929908f-532d-4e7
15,14,14,7.0,11.0,12.0,23.3,"{'listcomp_urd': 26.1, 'letterid_urd': 12.1, 'idwrd_urd': 0.0, 'orf_urd': 2.2, 'rdcomp_urd': -4.3, 'listcomp_eng': 29.8, 'letterid_eng': 0.7, 'idwrd_eng': -11.2, 'idnummag': -7.6, 'numrep': -1.6, 'blfluency': 9.5, 'bleffcomp': -60.7, 'wrdpblm': -2.2, 'patterns': -0.4}","{'listcomp_urd': (20.6, 49.0), 'letterid_urd': (59.3, 74.0), 'idwrd_urd': (133.6, 139.0), 'orf_urd': (107.3, 116.0), 'rdcomp_urd': (39.7, 44.0), 'listcomp_eng': (13.0, 50.0), 'letterid_eng': (61.4, 66.0), 'idwrd_eng': (211.1, 185.0), 'idnummag': (73.6, 71.0), 'numrep': (83.0, 84.0), 'blfluency': (58.6, 139.0), 'bleffcomp': (113.3, 70.0), 'wrdpblm': (26.7, 28.0), 'patterns': (24.4, 34.0)}",0.10758625,AA_ba957417-5e7b-491
15,16,15,8.0,10.0,11.1,16.4,"{'listcomp_urd': 23.9, 'letterid_urd': 0.0, 'idwrd_urd': -1.4, 'orf_urd': -3.6, 'rdcomp_urd': 1.0, 'listcomp_eng': 36.4, 'letterid_eng': -20.5, 'pw_eng': -4.1, 'idwrd_eng': -9.6, 'idnummag': -14.4, 'numrep': 25.6, 'blfluency': 4.0, 'bleffcomp': 3.4, 'wrdpblm': 16.7, 'patterns': -1.9}","{'listcomp_urd': (34.7, 71.0), 'letterid_urd': (57.2, 75.0), 'idwrd_urd': (66.7, 90.0), 'orf_urd': (59.0, 84.0), 'rdcomp_urd': (32.6, 46.0), 'listcomp_eng': (8.0, 86.0), 'letterid_eng': (75.5, 71.0), 'pw_eng': (17.4, 29.0), 'idwrd_eng': (84.3, 90.0), 'idnummag': (59.9, 63.0), 'numrep': (90.8, 127.0), 'blfluency': (116.3, 143.0), 'bleffcomp': (50.3, 67.0), 'wrdpblm': (84.5, 151.0), 'patterns': (73.3, 85.0)}",0.0985325,AA_bc0e09c8-aae5-466
15,14,14,2.0,10.0,14.0,20.9,"{'listcomp_urd': 64.2, 'letterid_urd': -8.1, 'idwrd_urd': 0.0, 'orf_urd': 15.1, 'rdcomp_urd': -10.0, 'listcomp_eng': 36.8, 'letterid_eng': -6.4, 'pw_eng': 5.8, 'idnummag': -13.6, 'numrep': -7.2, 'blfluency': -5.7, 'bleffcomp': 0.4, 'wrdpblm': -5.8, 'patterns': 16.3}","{'listcomp_urd': (0.5, 96.0), 'letterid_urd': (58.8, 70.0), 'idwrd_urd': (64.9, 85.0), 'orf_urd': (67.7, 111.0), 'rdcomp_urd': (5.6, 26.0), 'listcomp_eng': (0.6, 70.0), 'letterid_eng': (87.2, 79.0), 'pw_eng': (2.6, 38.0), 'idnummag': (66.6, 70.0), 'numrep': (71.3, 78.0), 'blfluency': (55.9, 63.0), 'bleffcomp': (10.9, 27.0), 'wrdpblm': (82.1, 93.0), 'patterns': (28.3, 61.0)}",0.06579125,AA_bc78193f-3d1b-4a1
15,12,12,4.0,5.0,37.3,77.0,"{'listcomp_urd': 71.1, 'letterid_urd': 16.3, 'idwrd_urd': -2.1, 'orf_urd': -8.4, 'rdcomp_urd': 0.0, 'listcomp_eng': 73.4, 'letterid_eng': 2.1, 'idnummag': -75.4, 'numrep': 4.4, 'bleffcomp': -153.8, 'wrdpblm': -21.3, 'patterns': -19.1}","{'listcomp_urd': (49.7, 148.0), 'letterid_urd': (18.7, 90.0), 'idwrd_urd': (102.9, 145.0), 'orf_urd': (56.8, 160.0), 'rdcomp_urd': (45.5, 77.0), 'listcomp_eng': (33.3, 135.0), 'letterid_eng': (31.7, 123.0), 'idnummag': (154.9, 82.0), 'numrep': (139.5, 169.0), 'bleffcomp': (229.5, 103.0), 'wrdpblm': (133.2, 145.0), 'patterns': (113.8, 134.0)}",0.10335125,AA_bce900f1-0156-4e0
17,16,16,5.0,11.0,18.7,33.3,"{'listcomp_urd': 68.7, 'letterid_urd': -5.6, 'idwrd_urd': -16.2, 'orf_urd': 6.8, 'rdcomp_urd': -4.8, 'listcomp_eng': 59.3, 'letterid_eng': 11.2, 'idwrd_eng': 29.2, 'orf_eng': 10.3, 'rdcomp_eng': 0.0, 'idnummag': -6.3, 'numrep': -4.7, 'blfluency': 9.9, 'bleffcomp': -58.6, 'wrdpblm': -2.6, 'patterns': -5.0}","{'listcomp_urd': (23.3, 99.0), 'letterid_urd': (59.9, 83.0), 'idwrd_urd': (47.6, 42.0), 'orf_urd': (31.4, 50.0), 'rdcomp_urd': (37.2, 43.0), 'listcomp_eng': (37.8, 109.0), 'letterid_eng': (48.2, 74.0), 'idwrd_eng': (22.6, 69.0), 'orf_eng': (34.6, 62.0), 'rdcomp_eng': (48.7, 59.0), 'idnummag': (78.5, 80.0), 'numrep': (112.0, 116.0), 'blfluency': (40.6, 127.0), 'bleffcomp': (130.4, 79.0), 'wrdpblm': (99.5, 102.0), 'patterns': (119.5, 123.0)}",0.09596,AA_bd035dbb-e421-480
15,16,15,7.0,13.0,8.1,14.8,"{'listcomp_urd': 26.2, 'letterid_urd': 3.8, 'idwrd_urd': -2.8, 'orf_urd': 1.4, 'rdcomp_urd': -10.4, 'listcomp_eng': 35.3, 'letterid_eng': 4.0, 'pw_eng': -7.0, 'idwrd_eng': -0.7, 'idnummag': 0.0, 'numrep': -2.2, 'blfluency': 6.9, 'bleffcomp': 10.4, 'wrdpblm': -5.7, 'patterns': -5.2}","{'listcomp_urd': (20.5, 56.0), 'letterid_urd': (44.2, 64.0), 'idwrd_urd': (78.8, 89.0), 'orf_urd': (149.4, 162.0), 'rdcomp_urd': (32.3, 30.0), 'listcomp_eng': (17.3, 60.0), 'letterid_eng': (42.4, 60.0), 'pw_eng': (21.7, 23.0), 'idwrd_eng': (17.1, 27.0), 'idnummag': (36.0, 46.0), 'numrep': (18.7, 19.0), 'blfluency': (106.8, 139.0), 'bleffcomp': (37.5, 58.0), 'wrdpblm': (33.2, 35.0), 'patterns': (4.2, 7.0)}",0.0671125,AA_bd2f2910-0953-45a
17,17,17,7.0,13.0,12.3,16.0,"{'listcomp_urd': 65.3, 'letterid_urd': -8.8, 'idwrd_urd': 0.0, 'orf_urd': -1.5, 'rdcomp_urd': 1.7, 'listcomp_eng': 33.3, 'letterid_eng': -1.9, 'pw_eng': -4.9, 'idwrd_eng': -6.7, 'orf_eng': -0.5, 'rdcomp_eng': 4.5, 'idnummag': -12.3, 'numrep': 18.9, 'blfluency': 9.9, 'bleffcomp': 10.0, 'wrdpblm': -9.0, 'patterns': 19.2}","{'listcomp_urd': (81.9, 76.0), 'letterid_urd': (75.0, 64.0), 'idwrd_urd': (68.1, 73.0), 'orf_urd': (51.8, 55.0), 'rdcomp_urd': (27.7, 35.0), 'listcomp_eng': (48.5, 87.0), 'letterid_eng': (52.1, 57.0), 'pw_eng': (15.4, 21.0), 'idwrd_eng': (73.1, 78.0), 'orf_eng': (52.2, 56.0), 'rdcomp_eng': (19.1, 21.0), 'idnummag': (96.3, 69.0), 'numrep': (55.7, 82.0), 'blfluency': (41.0, 131.0), 'bleffcomp': (52.2, 19.0), 'wrdpblm': (163.9, 160.0), 'patterns': (75.7, 98.0)}",0.07275,AA_be2450d2-2128-493
13,13,13,8.0,9.0,12.7,13.9,"{'listcomp_urd': 31.2, 'letterid_urd': -0.3, 'idwrd_urd': -4.2, 'listcomp_eng': 41.4, 'letterid_eng': -1.9, 'pw_eng': 49.1, 'idwrd_eng': 0.0, 'idnummag': 15.8, 'numrep': -2.6, 'blfluency': 9.5, 'bleffcomp': 2.5, 'wrdpblm': -3.4, 'patterns': -3.4}","{'listcomp_urd': (63.8, 101.0), 'letterid_urd': (47.3, 67.0), 'idwrd_urd': (49.0, 26.0), 'listcomp_eng': (22.6, 70.0), 'letterid_eng': (47.4, 31.0), 'pw_eng': (24.5, 18.0), 'idwrd_eng': (13.1, 18.0), 'idnummag': (37.4, 61.0), 'numrep': (49.1, 53.0), 'blfluency': (19.9, 33.0), 'bleffcomp': (11.1, 17.0), 'wrdpblm': (29.0, 32.0), 'patterns': (23.3, 24.0)}",0.1049925,AA_be261198-6c5f-4b9
13,14,13,5.0,9.0,20.5,31.1,"{'listcomp_urd': 70.2, 'letterid_urd': -4.4, 'idwrd_urd': -2.4, 'listcomp_eng': 69.1, 'letterid_eng': 0.0, 'pw_eng': -3.5, 'idwrd_eng': -5.3, 'idnummag': -6.3, 'numrep': 2.3, 'blfluency': 12.7, 'bleffcomp': -61.9, 'wrdpblm': 11.4, 'patterns': 17.6}","{'listcomp_urd': (28.9, 110.0), 'letterid_urd': (45.1, 66.0), 'idwrd_urd': (62.7, 81.0), 'listcomp_eng': (35.8, 117.0), 'letterid_eng': (62.3, 75.0), 'pw_eng': (4.1, 29.0), 'idwrd_eng': (89.5, 105.0), 'idnummag': (101.5, 114.0), 'numrep': (104.3, 116.0), 'blfluency': (42.7, 137.0), 'bleffcomp': (99.4, 37.0), 'wrdpblm': (84.8, 107.0), 'patterns': (74.1, 104.0)}",0.075285,AA_bee0235b-f2cd-42b
15,14,13,3.0,9.0,18.3,23.9,"{'listcomp_urd': 21.8, 'letterid_urd': -7.8, 'idwrd_urd': -8.5, 'orf_urd': -0.6, 'rdcomp_urd': -11.5, 'listcomp_eng': 77.4, 'letterid_eng': 0.0, 'pw_eng': 1.4, 'idwrd_eng': -7.7, 'idnummag': 5.9, 'bleffcomp': -68.2, 'wrdpblm': 18.2, 'patterns': 9.3}","{'listcomp_urd': (60.2, 95.0), 'letterid_urd': (58.5, 66.0), 'idwrd_urd': (52.2, 98.0), 'orf_urd': (58.4, 90.0), 'rdcomp_urd': (41.0, 41.0), 'listcomp_eng': (37.4, 130.0), 'letterid_eng': (56.3, 81.0), 'pw_eng': (13.2, 31.0), 'idwrd_eng': (5.7, 22.0), 'idnummag': (10.6, 15.0), 'bleffcomp': (83.6, 18.0), 'wrdpblm': (5.2, 70.0), 'patterns': (7.5, 28.0)}",0.08195,AA_bf833efb-b7bf-4a0
15,15,14,3.0,7.0,21.5,22.7,"{'listcomp_urd': 55.5, 'letterid_urd': 31.1, 'idwrd_urd': 25.0, 'orf_urd': -7.6, 'rdcomp_urd': 35.8, 'listcomp_eng': 64.4, 'letterid_eng': -9.3, 'pw_eng': -2.2, 'idwrd_eng': 0.0, 'idnummag': -21.1, 'numrep': 26.2, 'blfluency': -4.1, 'wrdpblm': -7.3, 'patterns': -10.8}","{'listcomp_urd': (26.6, 103.0), 'letterid_urd': (55.3, 73.0), 'idwrd_urd': (149.0, 191.0), 'orf_urd': (185.3, 195.0), 'rdcomp_urd': (43.3, 98.0), 'listcomp_eng': (44.4, 124.0), 'letterid_eng': (67.1, 75.0), 'pw_eng': (153.4, 188.0), 'idwrd_eng': (178.0, 195.0), 'idnummag': (112.6, 111.0), 'numrep': (109.1, 150.0), 'blfluency': (157.9, 128.0), 'wrdpblm': (104.6, 124.0), 'patterns': (77.9, 77.0)}",0.118245,AA_bf842fbd-d0b6-48f
13,14,13,8.0,10.0,9.6,24.9,"{'listcomp_urd': 8.6, 'letterid_urd': 6.5, 'idwrd_urd': 0.0, 'listcomp_eng': 47.1, 'letterid_eng': 3.2, 'pw_eng': 2.7, 'idwrd_eng': -1.2, 'idnummag': -23.0, 'numrep': 25.5, 'blfluency': -2.9, 'bleffcomp': -3.0, 'wrdpblm': -0.1, 'patterns': -0.5}","{'listcomp_urd': (55.6, 70.0), 'letterid_urd': (59.3, 73.0), 'idwrd_urd': (73.9, 77.0), 'listcomp_eng': (38.0, 90.0), 'letterid_eng': (58.5, 86.0), 'pw_eng': (16.2, 33.0), 'idwrd_eng': (11.6, 89.0), 'idnummag': (90.3, 69.0), 'numrep': (46.4, 79.0), 'blfluency': (54.0, 65.0), 'bleffcomp': (44.3, 48.0), 'wrdpblm': (80.3, 86.0), 'patterns': (58.6, 63.0)}",0.10738,AA_c073035b-93b5-46e
15,14,13,3.0,10.0,12.9,16.6,"{'listcomp_urd': 32.4, 'letterid_urd': 18.4, 'idwrd_urd': 0.9, 'orf_urd': -5.2, 'listcomp_eng': 54.3, 'letterid_eng': 5.1, 'pw_eng': -0.7, 'idwrd_eng': 0.0, 'idnummag': -13.6, 'numrep': 11.9, 'bleffcomp': -9.3, 'wrdpblm': -8.7, 'patterns': -7.8}","{'listcomp_urd': (38.3, 89.0), 'letterid_urd': (85.5, 117.0), 'idwrd_urd': (19.6, 32.0), 'orf_urd': (53.6, 70.0), 'listcomp_eng': (22.1, 93.0), 'letterid_eng': (60.4, 79.0), 'pw_eng': (15.4, 25.0), 'idwrd_eng': (75.1, 86.0), 'idnummag': (70.0, 48.0), 'numrep': (17.3, 39.0), 'bleffcomp': (9.5, 9.0), 'wrdpblm': (32.8, 34.0), 'patterns': (10.9, 21.0)}",0.1121125,AA_c82929c2-05b6-468
13,11,11,5.0,6.0,22.2,15.0,"{'listcomp_urd': 62.7, 'idwrd_urd': 6.3, 'listcomp_eng': 80.7, 'letterid_eng': 0.7, 'pw_eng': -4.4, 'idwrd_eng': 0.0, 'idnummag': -16.7, 'numrep': 16.6, 'bleffcomp': -54.3, 'wrdpblm': -0.8, 'patterns': -1.5}","{'listcomp_urd': (58.6, 123.0), 'idwrd_urd': (54.2, 31.0), 'listcomp_eng': (49.0, 136.0), 'letterid_eng': (59.8, 70.0), 'pw_eng': (13.6, 22.0), 'idwrd_eng': (52.0, 34.0), 'idnummag': (90.6, 82.0), 'numrep': (67.7, 89.0), 'bleffcomp': (80.9, 30.0), 'wrdpblm': (77.0, 84.0), 'patterns': (30.3, 40.0)}",0.0993125,AA_cae1bdae-bf19-4d7
15,14,14,8.0,10.0,16.2,9.2,"{'listcomp_urd': 73.9, 'idwrd_urd': -1.7, 'orf_urd': 4.3, 'rdcomp_urd': -5.7, 'listcomp_eng': 52.7, 'letterid_eng': 0.0, 'pw_eng': -1.0, 'idwrd_eng': -1.2, 'idnummag': -39.1, 'numrep': -1.5, 'blfluency': 0.0, 'bleffcomp': 32.7, 'wrdpblm': 4.3, 'patterns': 8.9}","{'listcomp_urd': (43.8, 118.0), 'idwrd_urd': (109.7, 111.0), 'orf_urd': (94.8, 108.0), 'rdcomp_urd': (41.8, 40.0), 'listcomp_eng': (92.7, 112.0), 'letterid_eng': (66.1, 71.0), 'pw_eng': (14.3, 17.0), 'idwrd_eng': (156.2, 158.0), 'idnummag': (90.3, 53.0), 'numrep': (104.5, 112.0), 'blfluency': (164.5, 133.0), 'bleffcomp': (82.3, 116.0), 'wrdpblm': (94.6, 90.0), 'patterns': (142.0, 157.0)}",0.1414775,AA_cc3e50b9-d8fd-494
17,16,16,6.0,10.0,20.5,18.5,"{'listcomp_urd': 36.8, 'letterid_urd': -0.3, 'idwrd_urd': 0.0, 'orf_urd': 5.2, 'rdcomp_urd': -6.1, 'letterid_eng': -1.0, 'pw_eng': -0.6, 'idwrd_eng': -0.3, 'orf_eng': 4.0, 'rdcomp_eng': -6.7, 'idnummag': 48.7, 'numrep': 30.0, 'blfluency': -15.8, 'bleffcomp': -119.0, 'wrdpblm': 44.1, 'patterns': 9.9}","{'listcomp_urd': (25.3, 61.0), 'letterid_urd': (54.8, 55.0), 'idwrd_urd': (33.6, 36.0), 'orf_urd': (41.9, 55.0), 'rdcomp_urd': (18.7, 7.0), 'letterid_eng': (31.0, 32.0), 'pw_eng': (35.2, 36.0), 'idwrd_eng': (34.3, 44.0), 'orf_eng': (39.2, 53.0), 'rdcomp_eng': (32.4, 19.0), 'idnummag': (23.2, 45.0), 'numrep': (48.4, 100.0), 'blfluency': (35.8, 143.0), 'bleffcomp': (241.8, 84.0), 'wrdpblm': (7.9, 52.0), 'patterns': (29.4, 40.0)}",0.15271375,AA_ceea038f-3411-4c4
13,10,10,7.0,9.0,12.7,19.0,"{'listcomp_urd': 12.4, 'idwrd_urd': -3.5, 'listcomp_eng': 85.3, 'letterid_eng': -0.6, 'idwrd_eng': -1.0, 'numrep': 14.9, 'blfluency': 3.9, 'bleffcomp': -2.4, 'wrdpblm': -3.2, 'patterns': 0.0}","{'listcomp_urd': (68.6, 94.0), 'idwrd_urd': (50.4, 27.0), 'listcomp_eng': (53.8, 147.0), 'letterid_eng': (58.3, 71.0), 'idwrd_eng': (19.6, 37.0), 'numrep': (59.0, 81.0), 'blfluency': (43.6, 66.0), 'bleffcomp': (62.1, 70.0), 'wrdpblm': (76.3, 81.0), 'patterns': (37.7, 41.0)}",0.08057375,AA_d297262c-ee74-4c9
13,15,13,6.0,11.0,14.2,20.4,"{'listcomp_urd': 85.3, 'letterid_urd': -4.2, 'idwrd_urd': -5.0, 'listcomp_eng': 55.7, 'letterid_eng': -5.1, 'pw_eng': -6.4, 'idwrd_eng': -7.2, 'idnummag': 0.0, 'numrep': 1.4, 'blfluency': 5.2, 'bleffcomp': 1.9, 'wrdpblm': 5.7, 'patterns': -1.2}","{'listcomp_urd': (39.3, 133.0), 'letterid_urd': (55.0, 94.0), 'idwrd_urd': (0.9, 34.0), 'listcomp_eng': (37.2, 100.0), 'letterid_eng': (64.4, 73.0), 'pw_eng': (50.5, 56.0), 'idwrd_eng': (25.4, 50.0), 'idnummag': (64.7, 77.0), 'numrep': (104.8, 118.0), 'blfluency': (72.2, 84.0), 'bleffcomp': (0.8, 38.0), 'wrdpblm': (127.0, 143.0), 'patterns': (71.6, 80.0)}",0.08973875,AA_d2b6e70c-b3fd-4bd
17,17,17,9.0,14.0,17.4,28.7,"{'listcomp_urd': 105.0, 'letterid_urd': 1.9, 'idwrd_urd': -3.8, 'orf_urd': 1.7, 'rdcomp_urd': -4.4, 'listcomp_eng': 68.2, 'letterid_eng': -1.1, 'pw_eng': -0.7, 'idwrd_eng': -2.7, 'orf_eng': 7.8, 'rdcomp_eng': 5.1, 'idnummag': -5.6, 'numrep': -2.4, 'blfluency': 0.0, 'bleffcomp': -70.9, 'wrdpblm': 9.0, 'patterns': 6.2}","{'listcomp_urd': (36.7, 152.0), 'letterid_urd': (56.2, 77.0), 'idwrd_urd': (27.1, 44.0), 'orf_urd': (22.9, 44.0), 'rdcomp_urd': (25.4, 35.0), 'listcomp_eng': (24.5, 104.0), 'letterid_eng': (49.4, 68.0), 'pw_eng': (28.4, 45.0), 'idwrd_eng': (23.6, 41.0), 'orf_eng': (27.1, 55.0), 'rdcomp_eng': (37.1, 57.0), 'idnummag': (64.6, 70.0), 'numrep': (87.1, 97.0), 'blfluency': (40.7, 131.0), 'bleffcomp': (147.6, 110.0), 'wrdpblm': (103.7, 125.0), 'patterns': (86.3, 104.0)}",0.09299125,AA_d499cff8-38a9-4eb
13,14,13,6.0,8.0,18.8,14.1,"{'listcomp_urd': 62.7, 'letterid_urd': 9.0, 'idwrd_urd': -25.1, 'listcomp_eng': 75.5, 'letterid_eng': -10.6, 'pw_eng': -16.1, 'idwrd_eng': 2.6, 'idnummag': -29.3, 'numrep': -4.1, 'blfluency': 4.2, 'bleffcomp': 0.0, 'wrdpblm': 1.2, 'patterns': -3.5}","{'listcomp_urd': (36.1, 112.0), 'letterid_urd': (66.1, 86.0), 'idwrd_urd': (64.7, 29.0), 'listcomp_eng': (26.7, 114.0), 'letterid_eng': (69.8, 72.0), 'pw_eng': (25.4, 28.0), 'idwrd_eng': (58.1, 57.0), 'idnummag': (75.3, 59.0), 'numrep': (63.7, 72.0), 'blfluency': (121.1, 144.0), 'bleffcomp': (13.7, 27.0), 'wrdpblm': (82.2, 96.0), 'patterns': (31.9, 35.0)}",0.10588375,AA_d53dbe59-66a4-415
13,10,10,2.0,8.0,35.7,18.5,"{'idwrd_urd': -5.2, 'listcomp_eng': 53.7, 'pw_eng': 1.9, 'idwrd_eng': -8.1, 'idnummag': -11.7, 'numrep': 8.0, 'blfluency': 6.1, 'bleffcomp': 0.0, 'wrdpblm': -6.6, 'patterns': -255.5}","{'idwrd_urd': (27.4, 15.0), 'listcomp_eng': (17.2, 83.0), 'pw_eng': (6.7, 18.0), 'idwrd_eng': (0.4, 14.0), 'idnummag': (38.2, 30.0), 'numrep': (75.9, 98.0), 'blfluency': (28.3, 65.0), 'bleffcomp': (0.7, 13.0), 'wrdpblm': (43.1, 44.0), 'patterns': (274.4, 31.0)}",0.0833875,AA_d7e1f153-71b4-4e8
17,16,16,6.0,11.0,14.2,17.0,"{'listcomp_urd': 31.8, 'letterid_urd': -6.8, 'idwrd_urd': 0.0, 'orf_urd': -1.8, 'rdcomp_urd': -3.6, 'listcomp_eng': 46.3, 'letterid_eng': 3.2, 'idwrd_eng': -39.0, 'orf_eng': -0.6, 'rdcomp_eng': -14.1, 'idnummag': 25.3, 'numrep': 28.1, 'blfluency': 8.2, 'bleffcomp': -9.9, 'wrdpblm': 2.5, 'patterns': -6.7}","{'listcomp_urd': (22.6, 63.0), 'letterid_urd': (59.7, 65.0), 'idwrd_urd': (124.8, 138.0), 'orf_urd': (105.6, 125.0), 'rdcomp_urd': (14.6, 31.0), 'listcomp_eng': (25.4, 82.0), 'letterid_eng': (53.0, 71.0), 'idwrd_eng': (252.5, 228.0), 'orf_eng': (174.2, 190.0), 'rdcomp_eng': (25.2, 21.0), 'idnummag': (43.2, 62.0), 'numrep': (58.0, 82.0), 'blfluency': (112.0, 135.0), 'bleffcomp': (41.3, 37.0), 'wrdpblm': (22.6, 35.0), 'patterns': (60.4, 65.0)}",0.084931875,AA_d897830f-bbaa-44d
17,16,16,8.0,13.0,14.9,16.2,"{'listcomp_urd': 64.9, 'letterid_urd': 5.1, 'idwrd_urd': -1.7, 'orf_urd': 2.0, 'rdcomp_urd': -4.7, 'listcomp_eng': 69.2, 'letterid_eng': -6.7, 'idwrd_eng': -9.1, 'orf_eng': 4.8, 'rdcomp_eng': 0.0, 'idnummag': -46.7, 'numrep': -5.8, 'blfluency': 12.4, 'bleffcomp': 2.8, 'wrdpblm': -1.5, 'patterns': -1.7}","{'listcomp_urd': (35.9, 105.0), 'letterid_urd': (70.0, 78.0), 'idwrd_urd': (16.0, 74.0), 'orf_urd': (50.7, 61.0), 'rdcomp_urd': (28.6, 30.0), 'listcomp_eng': (33.4, 108.0), 'letterid_eng': (68.9, 70.0), 'idwrd_eng': (79.2, 83.0), 'orf_eng': (78.2, 90.0), 'rdcomp_eng': (35.5, 31.0), 'idnummag': (106.8, 66.0), 'numrep': (76.3, 75.0), 'blfluency': (118.3, 139.0), 'bleffcomp': (31.8, 46.0), 'wrdpblm': (91.0, 97.0), 'patterns': (48.6, 24.0)}",0.083345,AA_d99c7b13-c3a8-489
15,13,13,6.0,8.0,18.6,18.5,"{'listcomp_urd': 74.5, 'letterid_urd': 0.0, 'idwrd_urd': -5.0, 'orf_urd': 34.0, 'rdcomp_urd': -1.2, 'listcomp_eng': 41.2, 'letterid_eng': -6.1, 'pw_eng': -4.1, 'idnummag': -16.4, 'numrep': -1.2, 'blfluency': 7.9, 'wrdpblm': 45.9, 'patterns': 3.9}","{'listcomp_urd': (25.3, 106.0), 'letterid_urd': (63.3, 67.0), 'idwrd_urd': (28.5, 25.0), 'orf_urd': (185.2, 228.0), 'rdcomp_urd': (3.9, 26.0), 'listcomp_eng': (16.6, 63.0), 'letterid_eng': (64.9, 64.0), 'pw_eng': (75.4, 25.0), 'idnummag': (44.8, 37.0), 'numrep': (28.4, 56.0), 'blfluency': (172.6, 163.0), 'wrdpblm': (35.8, 42.0), 'patterns': (35.8, 46.0)}",0.09101,AA_dd56a505-4ac7-4d1
17,17,17,9.0,14.0,11.5,30.6,"{'listcomp_urd': -3.5, 'letterid_urd': -1.6, 'idwrd_urd': 3.3, 'orf_urd': 0.0, 'rdcomp_urd': -1.7, 'listcomp_eng': 40.1, 'letterid_eng': -3.9, 'pw_eng': -3.2, 'idwrd_eng': 13.6, 'orf_eng': 9.9, 'rdcomp_eng': -7.1, 'idnummag': -0.2, 'numrep': 16.0, 'blfluency': 8.1, 'bleffcomp': -69.9, 'wrdpblm': 3.6, 'patterns': 9.1}","{'listcomp_urd': (40.6, 57.0), 'letterid_urd': (60.1, 71.0), 'idwrd_urd': (146.1, 204.0), 'orf_urd': (170.0, 181.0), 'rdcomp_urd': (12.2, 47.0), 'listcomp_eng': (16.6, 84.0), 'letterid_eng': (61.1, 70.0), 'pw_eng': (179.5, 195.0), 'idwrd_eng': (181.3, 206.0), 'orf_eng': (166.6, 188.0), 'rdcomp_eng': (26.2, 30.0), 'idnummag': (45.9, 53.0), 'numrep': (31.1, 70.0), 'blfluency': (55.6, 150.0), 'bleffcomp': (81.3, 29.0), 'wrdpblm': (113.3, 123.0), 'patterns': (65.2, 84.0)}",0.12047125,AA_de08d551-d829-448
17,17,17,10.0,15.0,8.8,22.3,"{'listcomp_urd': 29.7, 'letterid_urd': 12.9, 'idwrd_urd': -0.3, 'orf_urd': 0.0, 'rdcomp_urd': 1.4, 'listcomp_eng': 64.2, 'letterid_eng': 1.5, 'pw_eng': 0.0, 'idwrd_eng': -1.5, 'orf_eng': 4.3, 'rdcomp_eng': -1.4, 'idnummag': -2.8, 'numrep': -7.8, 'blfluency': -6.4, 'bleffcomp': -6.1, 'wrdpblm': -6.6, 'patterns': 1.9}","{'listcomp_urd': (67.0, 110.0), 'letterid_urd': (64.5, 99.0), 'idwrd_urd': (43.6, 58.0), 'orf_urd': (42.4, 57.0), 'rdcomp_urd': (40.1, 52.0), 'listcomp_eng': (41.8, 116.0), 'letterid_eng': (61.4, 81.0), 'pw_eng': (116.5, 127.0), 'idwrd_eng': (65.5, 109.0), 'orf_eng': (65.3, 97.0), 'rdcomp_eng': (12.0, 24.0), 'idnummag': (91.7, 101.0), 'numrep': (95.6, 103.0), 'blfluency': (55.2, 65.0), 'bleffcomp': (47.3, 57.0), 'wrdpblm': (55.1, 63.0), 'patterns': (151.7, 166.0)}",0.096905,AA_df7b47e1-1bc3-45c
13,0,0,,,,,,,,AA_dff278e6-60e2-408
17,17,17,2.0,7.0,28.8,21.6,"{'listcomp_urd': 81.0, 'letterid_urd': -19.3, 'idwrd_urd': -21.2, 'orf_urd': 25.4, 'rdcomp_urd': 0.0, 'listcomp_eng': 81.4, 'letterid_eng': -20.7, 'pw_eng': -21.2, 'idwrd_eng': -21.6, 'orf_eng': 14.1, 'rdcomp_eng': -11.4, 'idnummag': -113.8, 'numrep': 23.1, 'blfluency': 3.3, 'bleffcomp': 11.7, 'wrdpblm': -6.5, 'patterns': 14.0}","{'listcomp_urd': (47.7, 162.0), 'letterid_urd': (69.9, 75.0), 'idwrd_urd': (116.7, 132.0), 'orf_urd': (82.3, 144.0), 'rdcomp_urd': (47.9, 89.0), 'listcomp_eng': (64.2, 168.0), 'letterid_eng': (69.7, 71.0), 'pw_eng': (26.0, 23.0), 'idwrd_eng': (147.1, 159.0), 'orf_eng': (142.1, 189.0), 'rdcomp_eng': (52.8, 69.0), 'idnummag': (264.4, 132.0), 'numrep': (138.7, 189.0), 'blfluency': (62.4, 90.0), 'bleffcomp': (99.0, 138.0), 'wrdpblm': (128.3, 149.0), 'patterns': (107.8, 148.0)}",0.10060875,AA_dff96b36-bded-45d
13,10,10,1.0,3.0,32.9,13.3,"{'listcomp_urd': 163.8, 'letterid_urd': -10.2, 'listcomp_eng': 34.4, 'letterid_eng': -15.4, 'pw_eng': -26.5, 'idnummag': 33.9, 'numrep': 0.0, 'blfluency': -15.2, 'wrdpblm': 8.2, 'patterns': -21.7}","{'listcomp_urd': (7.3, 197.0), 'letterid_urd': (61.3, 73.0), 'listcomp_eng': (6.1, 60.0), 'letterid_eng': (58.7, 67.0), 'pw_eng': (39.4, 7.0), 'idnummag': (13.9, 62.0), 'numrep': (13.3, 39.0), 'blfluency': (64.3, 65.0), 'wrdpblm': (0.3, 32.0), 'patterns': (8.6, 13.0)}",0.05394875,AA_e0a22a65-fe8a-416
17,17,17,8.0,12.0,13.5,13.5,"{'listcomp_urd': 42.5, 'letterid_urd': -0.8, 'idwrd_urd': -1.7, 'orf_urd': 5.6, 'rdcomp_urd': -1.5, 'listcomp_eng': 61.3, 'letterid_eng': -2.0, 'pw_eng': -1.4, 'idwrd_eng': -1.3, 'orf_eng': 8.3, 'rdcomp_eng': 0.0, 'idnummag': -31.3, 'numrep': 15.9, 'blfluency': 5.7, 'bleffcomp': 44.8, 'wrdpblm': 5.2, 'patterns': -1.0}","{'listcomp_urd': (30.8, 78.0), 'letterid_urd': (67.4, 70.0), 'idwrd_urd': (43.4, 50.0), 'orf_urd': (48.4, 67.0), 'rdcomp_urd': (39.8, 41.0), 'listcomp_eng': (41.2, 108.0), 'letterid_eng': (54.3, 60.0), 'pw_eng': (84.3, 92.0), 'idwrd_eng': (56.3, 63.0), 'orf_eng': (55.0, 76.0), 'rdcomp_eng': (76.3, 78.0), 'idnummag': (92.0, 47.0), 'numrep': (101.8, 123.0), 'blfluency': (189.2, 150.0), 'bleffcomp': (31.3, 78.0), 'wrdpblm': (97.6, 108.0), 'patterns': (106.9, 114.0)}",0.10710875,AA_e2237f3f-eb26-4b7
17,17,17,12.0,13.0,11.3,22.7,"{'listcomp_urd': 43.2, 'letterid_urd': 1.0, 'idwrd_urd': -2.0, 'orf_urd': 1.1, 'rdcomp_urd': -4.5, 'listcomp_eng': 40.9, 'letterid_eng': -2.1, 'pw_eng': 5.0, 'idwrd_eng': -3.4, 'orf_eng': 2.0, 'rdcomp_eng': -3.0, 'idnummag': 7.0, 'numrep': -1.1, 'blfluency': 19.3, 'bleffcomp': -56.6, 'wrdpblm': 0.0, 'patterns': -0.4}","{'listcomp_urd': (26.6, 75.0), 'letterid_urd': (56.8, 64.0), 'idwrd_urd': (53.5, 56.0), 'orf_urd': (43.0, 50.0), 'rdcomp_urd': (24.4, 25.0), 'listcomp_eng': (9.5, 54.0), 'letterid_eng': (75.5, 76.0), 'pw_eng': (35.0, 90.0), 'idwrd_eng': (57.1, 61.0), 'orf_eng': (60.3, 72.0), 'rdcomp_eng': (31.4, 19.0), 'idnummag': (71.8, 80.0), 'numrep': (64.7, 68.0), 'blfluency': (56.4, 150.0), 'bleffcomp': (80.0, 32.0), 'wrdpblm': (85.5, 86.0), 'patterns': (34.1, 42.0)}",0.091,AA_e323a748-9ded-40c
15,15,13,7.0,11.0,11.9,17.9,"{'listcomp_urd': 43.3, 'letterid_urd': -4.7, 'idwrd_urd': 8.1, 'listcomp_eng': 62.7, 'letterid_eng': -3.1, 'pw_eng': -0.4, 'idwrd_eng': 2.9, 'orf_eng': 4.2, 'rdcomp_eng': 0.0, 'blfluency': 6.1, 'bleffcomp': -7.5, 'wrdpblm': -2.9, 'patterns': -8.9}","{'listcomp_urd': (27.9, 81.0), 'letterid_urd': (62.6, 67.0), 'idwrd_urd': (19.9, 42.0), 'listcomp_eng': (22.4, 95.0), 'letterid_eng': (64.4, 72.0), 'pw_eng': (181.3, 195.0), 'idwrd_eng': (184.8, 198.0), 'orf_eng': (164.2, 184.0), 'rdcomp_eng': (25.6, 35.0), 'blfluency': (20.4, 65.0), 'bleffcomp': (18.1, 23.0), 'wrdpblm': (34.6, 45.0), 'patterns': (18.4, 20.0)}",0.10606625,AA_e754feee-6c35-40c
15,16,15,2.0,10.0,22.9,51.1,"{'listcomp_urd': 57.0, 'letterid_urd': -7.4, 'idwrd_urd': -7.1, 'orf_urd': 0.0, 'rdcomp_urd': -6.0, 'listcomp_eng': 56.3, 'letterid_eng': -7.6, 'pw_eng': 1.5, 'idwrd_eng': -6.7, 'idnummag': -7.3, 'numrep': 12.8, 'blfluency': 94.2, 'bleffcomp': 51.0, 'wrdpblm': 20.0, 'patterns': -8.9}","{'listcomp_urd': (30.7, 98.0), 'letterid_urd': (60.8, 67.0), 'idwrd_urd': (193.0, 191.0), 'orf_urd': (77.8, 202.0), 'rdcomp_urd': (41.2, 50.0), 'listcomp_eng': (46.4, 115.0), 'letterid_eng': (58.7, 66.0), 'pw_eng': (4.9, 24.0), 'idwrd_eng': (158.6, 167.0), 'idnummag': (62.2, 43.0), 'numrep': (119.0, 54.0), 'blfluency': (60.2, 251.0), 'bleffcomp': (25.3, 91.0), 'wrdpblm': (116.8, 148.0), 'patterns': (64.5, 65.0)}",0.08179,AA_e87962ab-1398-4ca
17,14,14,7.0,8.0,202.0,13.2,"{'listcomp_urd': 53.4, 'letterid_urd': -2.9, 'idwrd_urd': 3.9, 'rdcomp_urd': 4.9, 'listcomp_eng': 62.9, 'letterid_eng': -2.7, 'pw_eng': -16.4, 'rdcomp_eng': -3.0, 'idnummag': -1335.7, 'numrep': -1310.8, 'blfluency': 17.9, 'bleffcomp': 0.0, 'wrdpblm': 12.8, 'patterns': -0.5}","{'listcomp_urd': (37.8, 99.0), 'letterid_urd': (62.3, 65.0), 'idwrd_urd': (91.9, 102.0), 'rdcomp_urd': (43.9, 59.0), 'listcomp_eng': (57.5, 129.0), 'letterid_eng': (68.9, 68.0), 'pw_eng': (9.7, 20.0), 'rdcomp_eng': (59.4, 64.0), 'idnummag': (16.0, 58.0), 'numrep': (51.0, 102.0), 'blfluency': (115.0, 157.0), 'bleffcomp': (73.7, 80.0), 'wrdpblm': (133.9, 157.0), 'patterns': (104.8, 117.0)}",0.1736975,AA_e88f0436-95cb-4a0
13,10,9,2.0,4.0,28.0,15.4,"{'listcomp_urd': -63.0, 'letterid_urd': 0.4, 'idwrd_urd': -20.6, 'letterid_eng': 6.7, 'pw_eng': 7.7, 'idwrd_eng': 35.0, 'idnummag': 0.0, 'wrdpblm': -66.7, 'patterns': -51.6}","{'listcomp_urd': (22.4, 12.0), 'letterid_urd': (40.1, 65.0), 'idwrd_urd': (35.9, 28.0), 'letterid_eng': (60.4, 69.0), 'pw_eng': (59.2, 32.0), 'idwrd_eng': (39.5, 31.0), 'idnummag': (3.7, 23.0), 'wrdpblm': (3.2, 5.0), 'patterns': (26.9, 6.0)}",0.0710925,AA_e9ef5a5c-fae0-45a
17,17,17,8.0,11.0,14.9,24.3,"{'listcomp_urd': 35.9, 'letterid_urd': 6.1, 'idwrd_urd': 3.2, 'orf_urd': 19.7, 'rdcomp_urd': -1.9, 'listcomp_eng': 56.0, 'letterid_eng': 26.2, 'pw_eng': 1.0, 'idwrd_eng': 0.0, 'orf_eng': 15.6, 'rdcomp_eng': -2.9, 'idnummag': -8.2, 'numrep': -7.8, 'blfluency': -2.3, 'bleffcomp': -62.3, 'wrdpblm': -2.0, 'patterns': -1.5}","{'listcomp_urd': (36.4, 79.0), 'letterid_urd': (68.5, 76.0), 'idwrd_urd': (118.2, 131.0), 'orf_urd': (86.5, 121.0), 'rdcomp_urd': (29.5, 38.0), 'listcomp_eng': (30.5, 94.0), 'letterid_eng': (44.5, 73.0), 'pw_eng': (109.7, 121.0), 'idwrd_eng': (72.2, 83.0), 'orf_eng': (66.7, 90.0), 'rdcomp_eng': (85.9, 88.0), 'idnummag': (107.8, 109.0), 'numrep': (78.1, 76.0), 'blfluency': (29.5, 95.0), 'bleffcomp': (92.7, 35.0), 'wrdpblm': (101.8, 110.0), 'patterns': (8.0, 19.0)}",0.112285,AA_eaf07843-14a1-4e9
15,15,14,9.0,11.0,40.1,69.8,"{'listcomp_urd': 6.1, 'letterid_urd': -1.9, 'idwrd_urd': -1.6, 'orf_urd': 347.6, 'rdcomp_urd': 134.0, 'listcomp_eng': 45.9, 'letterid_eng': -2.6, 'pw_eng': 1.2, 'idwrd_eng': 14.1, 'idnummag': 0.0, 'numrep': -0.5, 'blfluency': -4.1, 'wrdpblm': -1.3, 'patterns': -0.9}","{'listcomp_urd': (45.0, 59.0), 'letterid_urd': (68.3, 81.0), 'idwrd_urd': (18.1, 42.0), 'orf_urd': (11.5, 367.0), 'rdcomp_urd': (28.4, 191.0), 'listcomp_eng': (20.7, 79.0), 'letterid_eng': (59.7, 68.0), 'pw_eng': (24.2, 41.0), 'idwrd_eng': (6.9, 41.0), 'idnummag': (98.8, 106.0), 'numrep': (103.4, 139.0), 'blfluency': (102.5, 65.0), 'wrdpblm': (113.4, 121.0), 'patterns': (72.2, 78.0)}",0.09427125,AA_eb127efb-92a9-4eb
15,12,12,8.0,9.0,8.9,17.8,"{'listcomp_urd': 46.2, 'letterid_urd': -3.0, 'idwrd_urd': 0.0, 'orf_urd': -1.1, 'rdcomp_urd': -4.7, 'letterid_eng': -3.3, 'pw_eng': 8.8, 'idnummag': -2.2, 'numrep': 17.1, 'blfluency': 1.2, 'wrdpblm': -2.8, 'patterns': 16.4}","{'listcomp_urd': (14.3, 69.0), 'letterid_urd': (60.2, 68.0), 'idwrd_urd': (46.1, 59.0), 'orf_urd': (58.3, 74.0), 'rdcomp_urd': (28.3, 32.0), 'letterid_eng': (51.2, 60.0), 'pw_eng': (75.7, 27.0), 'idnummag': (58.3, 55.0), 'numrep': (33.7, 65.0), 'blfluency': (47.8, 35.0), 'wrdpblm': (89.3, 97.0), 'patterns': (54.1, 82.0)}",0.08557,AA_eb34954f-5621-459
17,17,17,9.0,13.0,15.0,20.8,"{'listcomp_urd': 57.3, 'letterid_urd': 0.8, 'idwrd_urd': -0.7, 'orf_urd': 6.8, 'rdcomp_urd': -9.4, 'listcomp_eng': 65.2, 'letterid_eng': -1.0, 'pw_eng': 0.0, 'idwrd_eng': -0.8, 'orf_eng': 13.9, 'rdcomp_eng': -1.2, 'idnummag': 19.7, 'numrep': -1.8, 'blfluency': 10.5, 'bleffcomp': -62.4, 'wrdpblm': 0.4, 'patterns': -2.3}","{'listcomp_urd': (28.1, 91.0), 'letterid_urd': (60.1, 68.0), 'idwrd_urd': (38.4, 47.0), 'orf_urd': (31.4, 50.0), 'rdcomp_urd': (35.9, 35.0), 'listcomp_eng': (24.1, 95.0), 'letterid_eng': (55.4, 62.0), 'pw_eng': (90.6, 100.0), 'idwrd_eng': (45.3, 46.0), 'orf_eng': (36.7, 61.0), 'rdcomp_eng': (50.2, 55.0), 'idnummag': (42.8, 65.0), 'numrep': (108.5, 111.0), 'blfluency': (53.8, 144.0), 'bleffcomp': (124.1, 64.0), 'wrdpblm': (86.8, 92.0), 'patterns': (49.2, 57.0)}",0.10838375,AA_eb788e8a-917d-490
13,15,13,6.0,11.0,11.0,7.2,"{'listcomp_urd': 38.6, 'letterid_urd': -5.6, 'idwrd_urd': -4.5, 'listcomp_eng': 54.7, 'letterid_eng': -4.8, 'pw_eng': 0.0, 'idwrd_eng': -6.1, 'idnummag': 7.2, 'numrep': 5.3, 'blfluency': -1.9, 'bleffcomp': 10.1, 'wrdpblm': 2.0, 'patterns': -2.7}","{'listcomp_urd': (21.5, 69.0), 'letterid_urd': (58.5, 65.0), 'idwrd_urd': (109.6, 118.0), 'listcomp_eng': (10.7, 74.0), 'letterid_eng': (59.6, 66.0), 'pw_eng': (13.3, 24.0), 'idwrd_eng': (109.5, 116.0), 'idnummag': (46.0, 65.0), 'numrep': (69.6, 84.0), 'blfluency': (39.3, 44.0), 'bleffcomp': (13.9, 32.0), 'wrdpblm': (63.5, 75.0), 'patterns': (58.6, 65.0)}",0.0746125,AA_ece27ef7-9e9e-418
13,14,13,3.0,9.0,11.0,16.1,"{'listcomp_urd': 29.5, 'letterid_urd': -6.4, 'idwrd_urd': 0.7, 'listcomp_eng': 26.2, 'letterid_eng': -5.6, 'pw_eng': -3.9, 'idwrd_eng': 0.0, 'idnummag': -10.4, 'numrep': 5.4, 'blfluency': 23.3, 'bleffcomp': 15.3, 'wrdpblm': -8.4, 'patterns': -8.0}","{'listcomp_urd': (23.0, 63.0), 'letterid_urd': (48.1, 64.0), 'idwrd_urd': (173.7, 188.0), 'listcomp_eng': (14.0, 51.0), 'letterid_eng': (57.8, 64.0), 'pw_eng': (28.8, 24.0), 'idwrd_eng': (49.3, 25.0), 'idnummag': (37.6, 25.0), 'numrep': (50.8, 62.0), 'blfluency': (34.2, 65.0), 'bleffcomp': (14.3, 73.0), 'wrdpblm': (46.2, 46.0), 'patterns': (81.9, 84.0)}",0.11701,AA_f23c9f69-858b-47c
15,13,12,5.0,9.0,12.3,28.1,"{'listcomp_urd': 45.7, 'letterid_urd': -8.1, 'idwrd_urd': -7.8, 'orf_urd': -1.3, 'pw_eng': 20.2, 'idwrd_eng': -37.2, 'idnummag': -13.8, 'numrep': 2.2, 'blfluency': 6.0, 'bleffcomp': 0.0, 'wrdpblm': 3.0, 'patterns': -2.5}","{'listcomp_urd': (26.8, 84.0), 'letterid_urd': (4.6, 73.0), 'idwrd_urd': (18.0, 20.0), 'orf_urd': (7.1, 45.0), 'pw_eng': (9.9, 26.0), 'idwrd_eng': (11.7, 29.0), 'idnummag': (20.6, 22.0), 'numrep': (63.8, 89.0), 'blfluency': (20.0, 47.0), 'bleffcomp': (17.0, 26.0), 'wrdpblm': (82.1, 98.0), 'patterns': (59.0, 69.0)}",0.09902125,AA_f3176f60-2162-435
13,13,13,4.0,9.0,17.7,16.7,"{'listcomp_urd': 56.2, 'letterid_urd': -7.4, 'idwrd_urd': -2.5, 'listcomp_eng': 86.6, 'letterid_eng': -9.6, 'pw_eng': -8.0, 'idwrd_eng': 6.9, 'idnummag': -4.0, 'numrep': 22.2, 'blfluency': 17.1, 'bleffcomp': 8.6, 'wrdpblm': 0.0, 'patterns': -1.3}","{'listcomp_urd': (21.5, 89.0), 'letterid_urd': (58.7, 67.0), 'idwrd_urd': (8.9, 30.0), 'listcomp_eng': (6.1, 122.0), 'letterid_eng': (59.9, 69.0), 'pw_eng': (33.3, 39.0), 'idwrd_eng': (28.4, 43.0), 'idnummag': (37.0, 34.0), 'numrep': (92.8, 128.0), 'blfluency': (56.5, 98.0), 'bleffcomp': (18.7, 67.0), 'wrdpblm': (104.6, 117.0), 'patterns': (65.8, 75.0)}",0.0680375,AA_f7082921-2c6b-414
17,17,17,7.0,11.0,17.9,28.2,"{'listcomp_urd': 15.5, 'letterid_urd': 0.0, 'idwrd_urd': -3.1, 'orf_urd': 15.7, 'rdcomp_urd': -2.1, 'listcomp_eng': 65.2, 'letterid_eng': -1.2, 'pw_eng': -2.9, 'idwrd_eng': -3.0, 'orf_eng': 10.8, 'rdcomp_eng': 5.9, 'idnummag': -59.7, 'numrep': 2.8, 'blfluency': 34.4, 'bleffcomp': -65.2, 'wrdpblm': 10.7, 'patterns': -6.0}","{'listcomp_urd': (44.0, 61.0), 'letterid_urd': (56.8, 67.0), 'idwrd_urd': (30.9, 39.0), 'orf_urd': (26.9, 58.0), 'rdcomp_urd': (45.1, 34.0), 'listcomp_eng': (64.3, 140.0), 'letterid_eng': (44.3, 56.0), 'pw_eng': (35.0, 42.0), 'idwrd_eng': (27.1, 37.0), 'orf_eng': (38.2, 58.0), 'rdcomp_eng': (69.2, 87.0), 'idnummag': (132.5, 76.0), 'numrep': (122.2, 128.0), 'blfluency': (58.4, 186.0), 'bleffcomp': (181.1, 135.0), 'wrdpblm': (112.9, 130.0), 'patterns': (112.7, 117.0)}",0.11396375,AA_f9c6d56f-7ca9-4ff
15,11,11,6.0,6.0,18.0,24.7,"{'listcomp_urd': 36.9, 'idwrd_urd': -3.3, 'rdcomp_urd': 0.0, 'listcomp_eng': 25.5, 'letterid_eng': -2.8, 'idnummag': -76.0, 'numrep': 17.6, 'blfluency': 0.7, 'bleffcomp': -27.8, 'wrdpblm': -2.4, 'patterns': 5.0}","{'listcomp_urd': (60.1, 103.0), 'idwrd_urd': (67.0, 99.0), 'rdcomp_urd': (65.4, 76.0), 'listcomp_eng': (72.3, 94.0), 'letterid_eng': (56.4, 68.0), 'idnummag': (158.3, 75.0), 'numrep': (48.4, 74.0), 'blfluency': (23.6, 54.0), 'bleffcomp': (37.5, 16.0), 'wrdpblm': (96.0, 102.0), 'patterns': (82.3, 94.0)}",0.12802625,AA_f9d06535-01d9-432
17,17,17,10.0,15.0,7.4,10.1,"{'listcomp_urd': 28.3, 'letterid_urd': -1.0, 'idwrd_urd': -0.6, 'orf_urd': 2.5, 'rdcomp_urd': 0.4, 'listcomp_eng': 39.9, 'letterid_eng': -1.5, 'pw_eng': 0.0, 'idwrd_eng': -2.1, 'orf_eng': 6.4, 'rdcomp_eng': -1.5, 'idnummag': -5.1, 'numrep': 11.8, 'blfluency': 9.2, 'bleffcomp': 9.8, 'wrdpblm': -3.4, 'patterns': -2.5}","{'listcomp_urd': (13.3, 45.0), 'letterid_urd': (59.2, 65.0), 'idwrd_urd': (56.1, 64.0), 'orf_urd': (47.3, 58.0), 'rdcomp_urd': (35.3, 39.0), 'listcomp_eng': (27.2, 73.0), 'letterid_eng': (58.7, 67.0), 'pw_eng': (8.4, 23.0), 'idwrd_eng': (57.5, 62.0), 'orf_eng': (58.3, 72.0), 'rdcomp_eng': (32.0, 38.0), 'idnummag': (67.6, 56.0), 'numrep': (58.5, 81.0), 'blfluency': (119.9, 135.0), 'bleffcomp': (43.0, 74.0), 'wrdpblm': (90.1, 93.0), 'patterns': (79.2, 86.0)}",0.12607875,AA_fb785d2a-c665-4f3
13,10,8,2.0,2.0,24.7,29.5,"{'listcomp_urd': 0.0, 'idwrd_urd': 34.6, 'letterid_eng': -0.2, 'idnummag': 18.7, 'numrep': 25.4, 'bleffcomp': -57.7, 'wrdpblm': -45.3, 'patterns': -15.6}","{'listcomp_urd': (31.9, 14.0), 'idwrd_urd': (11.2, 32.0), 'letterid_eng': (116.3, 78.0), 'idnummag': (29.9, 34.0), 'numrep': (1.2, 19.0), 'bleffcomp': (13.1, 7.0), 'wrdpblm': (33.5, 6.0), 'patterns': (29.1, 10.0)}",0.0954525,AA_fbc07ae4-2c3f-40d
